Company,Cosine (Raw)
Roche Holding AG,0.9566267610253141
"Salesforce, Inc.",0.9496781077856266
AT&T Inc.,0.9464815345814525
American Express Company,0.9430740161178572
SAP SE,0.9281666564375463
International Holding Company PJSC,0.9203791133277106
McDonald's Corporation,0.9047308609938376
IBM (International Business Machines Corporation),0.9040510763282195
"Home Depot, Inc.",0.8894021456793219
NVIDIA Corporation,0.8878008552044684
Intuit Inc.,0.8802384883008286
Costco Wholesale Corporation,0.8799742398562446
Royal Bank of Canada,0.8797366789076171
"Cisco Systems, Inc.",0.8785625792296762
Walmart Inc.,0.8774274651400322
"T-Mobile US, Inc.",0.8703307410840192
Shell plc,0.8689766464289204
"Meta Platforms, Inc.",0.86478151129749
Chevron Corporation,0.8629114369022912
Arm Holdings plc,0.8608121422749934
Wells Fargo & Company,0.860468363294974
Alibaba Group Holding Limited,0.8597823179178011
Abbott Laboratories,0.8461529263467477
Mastercard Incorporated,0.8293395455286445
Caterpillar Inc.,0.8282593256072954
Novartis AG,0.8267856503669838
Procter & Gamble Company,0.8233233585419709
Samsung Electronics,0.8229662714489933
Adobe Inc.,0.8212387869811986
China Construction Bank Corporation,0.8198601068950236
PDD Holdings Inc.,0.8180375103357886
"Netflix, Inc.",0.8180294218159071
Hermès International,0.8147800411141647
Linde plc,0.8008250902238176
"Tesla, Inc.",0.7980678407587901
Exxon Mobil Corporation,0.7959023911161915
China Mobile Ltd,0.7936314185612178
Bank of America Corporation,0.7852306040524217
Tencent Holdings Limited,0.7726570055860441
Deutsche Telekom AG,0.7710097028194556
Commonwealth Bank of Australia,0.7697913001133907
Booking Holdings Inc.,0.751134073382403
Qualcomm Incorporated,0.7478182111275095
PetroChina Company Limited,0.7444189917389342
Saudi Arabian Oil Co. (Aramco),0.7375574951903924
Shopify Inc.,0.7360294998213908
S&P Global Inc.,0.7317466947951413
Verizon Communications Inc.,0.730970014233229
Eli Lilly and Company,0.7241574970094414
"PepsiCo, Inc.",0.7170932557143507
Boston Scientific Corporation,0.7134849238573928
UnitedHealth Group Incorporated,0.7053147522928386
Amgen Inc.,0.7047283814013847
Agricultural Bank of China Limited,0.7041419705751203
Johnson & Johnson,0.699109708173428
Contemporary Amperex Technology Co. Ltd. (CATL),0.6892943323533323
Taiwan Semiconductor Manufacturing (TSMC),0.6876997904193615
"Advanced Micro Devices, Inc. (AMD)",0.6774475371430376
Palantir Technologies Inc.,0.6697124159928319
Texas Instruments Incorporated,0.662394332284389
Philip Morris International Inc.,0.6577636317211728
Siemens AG,0.6285855188044946
"Kweichow Moutai Co., Ltd.",0.6182813370129127
Microsoft Corporation,0.6043406957105737
HSBC Holdings plc,0.59101287606163
"China Merchants Bank Co., Ltd.",0.5883644479830717
"Merck & Company, Inc.",0.5549895839781798
Alphabet Inc.,0.5478418911830768
Thermo Fisher Scientific Inc.,0.5448808911109065
Broadcom Inc.,0.53888707718472
"Uber Technologies, Inc.",0.5254868334892708
Toyota Motor Corporation,0.5251903793166954
"Intuitive Surgical, Inc.",0.5099049636041465
"BlackRock, Inc.",0.5055111373092299
Industrial and Commercial Bank of China Limited,0.5037717645233432
Accenture plc,0.49207587102761563
Blackstone Inc.,0.48346249042464823
AstraZeneca plc,0.46542954131379416
JP Morgan Chase & Co.,0.4430856993441562
Oracle Corporation,0.4119036037264094
Reliance Industries Limited,0.40744510128052736
Bank of China Limited,0.40667218485810763
Apple Inc.,0.3678716213902852
Morgan Stanley,0.3653603399119344
"Amazon.com, Inc.",0.3528167503706494
"ServiceNow, Inc.",0.3288827853644643
GE Aerospace,0.32619106500964645
Visa Inc.,0.2935817525819648
Berkshire Hathaway Inc.,0.27649506315643074
L'Oréal,0.27556057688029534
Novo Nordisk B AS,0.2667351143379658
"Goldman Sachs Group, Inc.",0.2598212807736834
RTX Corporation,0.25672025163279516
ASML Holding,0.25489186925939344
LVMH,0.22295431513100392
AbbVie Inc.,0.22292729178396006
Tata Consultancy Services Limited,0.20799176791319487
"Inditex (Industria de Diseño Textil, S.A.)",0.19526421392186058
Walt Disney Company,0.14860081006504852
Nestlé S.A.,0.1181103874719669
