Industry Sector,Mean Cosine (Raw),Std Dev Cosine (Raw)
Commercial services,0.6182226643019169,0.28535045523065883
Communications,0.8353534271149796,0.09346923137976279
Consumer durables,0.7980678407587901,
Consumer non-durables,0.5309833629484797,0.28155717013820475
Consumer services,0.6014885814804297,0.3996604726694034
Electronic technology,0.6202534662476188,0.23109477349595617
Energy minerals,0.7362020104428763,0.17052799160838117
Finance,0.5991682543707435,0.21730214532970676
Health & medical,0.6391515840052001,0.22398923464194198
Process industries,0.8008250902238176,
Producer manufacturing,0.6678323890204545,0.12660236536539332
Retail trade,0.6961006633173855,0.29280130832369383
Technology services,0.6836012240795262,0.22888589759791467
Transportation,0.5254868334892708,
