Industry Sector,Company,Cosine (Raw)
Health technology,Roche Holding AG,0.9566267610253141
Technology services,"Salesforce, Inc.",0.9496781077856266
Communications,AT&T Inc.,0.9464815345814525
Finance,American Express Company,0.9430740161178572
Technology services,SAP SE,0.9281666564375463
Health services,International Holding Company PJSC,0.9203791133277106
Consumer services,McDonald's Corporation,0.9047308609938376
Technology services,IBM (International Business Machines Corporation),0.9040510763282195
Retail trade,"Home Depot, Inc.",0.8894021456793219
Electronic technology,NVIDIA Corporation,0.8878008552044684
Technology services,Intuit Inc.,0.8802384883008286
Retail trade,Costco Wholesale Corporation,0.8799742398562446
Finance,Royal Bank of Canada,0.8797366789076171
Electronic technology,"Cisco Systems, Inc.",0.8785625792296762
Retail trade,Walmart Inc.,0.8774274651400322
Communications,"T-Mobile US, Inc.",0.8703307410840192
Energy minerals,Shell plc,0.8689766464289204
Technology services,"Meta Platforms, Inc.",0.86478151129749
Energy minerals,Chevron Corporation,0.8629114369022912
Electronic technology,Arm Holdings plc,0.8608121422749934
Finance,Wells Fargo & Company,0.860468363294974
Retail trade,Alibaba Group Holding Limited,0.8597823179178011
Health technology,Abbott Laboratories,0.8461529263467477
Commercial services,Mastercard Incorporated,0.8293395455286445
Producer manufacturing,Caterpillar Inc.,0.8282593256072954
Health technology,Novartis AG,0.8267856503669838
Consumer non-durables,Procter & Gamble Company,0.8233233585419709
Electronic technology,Samsung Electronics,0.8229662714489933
Technology services,Adobe Inc.,0.8212387869811986
Finance,China Construction Bank Corporation,0.8198601068950236
Retail trade,PDD Holdings Inc.,0.8180375103357886
Technology services,"Netflix, Inc.",0.8180294218159071
Health services,Hermès International,0.8147800411141647
Process industries,Linde plc,0.8008250902238176
Consumer durables,"Tesla, Inc.",0.7980678407587901
Energy minerals,Exxon Mobil Corporation,0.7959023911161915
Communications,China Mobile Ltd,0.7936314185612178
Finance,Bank of America Corporation,0.7852306040524217
Technology services,Tencent Holdings Limited,0.7726570055860441
,Deutsche Telekom AG,0.7710097028194556
Finance,Commonwealth Bank of Australia,0.7697913001133907
Consumer services,Booking Holdings Inc.,0.751134073382403
Electronic technology,Qualcomm Incorporated,0.7478182111275095
Energy minerals,PetroChina Company Limited,0.7444189917389342
Energy minerals,Saudi Arabian Oil Co. (Aramco),0.7375574951903924
Technology services,Shopify Inc.,0.7360294998213908
Commercial services,S&P Global Inc.,0.7317466947951413
Communications,Verizon Communications Inc.,0.730970014233229
Health technology,Eli Lilly and Company,0.7241574970094414
Consumer non-durables,"PepsiCo, Inc.",0.7170932557143507
Electronic technology,Boston Scientific Corporation,0.7134849238573928
Health services,UnitedHealth Group Incorporated,0.7053147522928386
Health technology,Amgen Inc.,0.7047283814013847
Finance,Agricultural Bank of China Limited,0.7041419705751203
Health technology,Johnson & Johnson,0.699109708173428
Producer manufacturing,Contemporary Amperex Technology Co. Ltd. (CATL),0.6892943323533323
Electronic technology,Taiwan Semiconductor Manufacturing (TSMC),0.6876997904193615
Electronic technology,"Advanced Micro Devices, Inc. (AMD)",0.6774475371430376
Technology services,Palantir Technologies Inc.,0.6697124159928319
Electronic technology,Texas Instruments Incorporated,0.662394332284389
Consumer non-durables,Philip Morris International Inc.,0.6577636317211728
Producer manufacturing,Siemens AG,0.6285855188044946
Consumer non-durables,"Kweichow Moutai Co., Ltd.",0.6182813370129127
Technology services,Microsoft Corporation,0.6043406957105737
Finance,HSBC Holdings plc,0.59101287606163
Finance,"China Merchants Bank Co., Ltd.",0.5883644479830717
Health technology,"Merck & Company, Inc.",0.5549895839781798
Technology services,Alphabet Inc.,0.5478418911830768
Health technology,Thermo Fisher Scientific Inc.,0.5448808911109065
Electronic technology,Broadcom Inc.,0.53888707718472
Transportation,"Uber Technologies, Inc.",0.5254868334892708
Technology services,Toyota Motor Corporation,0.5251903793166954
Health technology,"Intuitive Surgical, Inc.",0.5099049636041465
Finance,"BlackRock, Inc.",0.5055111373092299
Finance,Industrial and Commercial Bank of China Limited,0.5037717645233432
Technology services,Accenture plc,0.49207587102761563
Finance,Blackstone Inc.,0.48346249042464823
Health technology,AstraZeneca plc,0.46542954131379416
Finance,JP Morgan Chase & Co.,0.4430856993441562
Technology services,Oracle Corporation,0.4119036037264094
Energy minerals,Reliance Industries Limited,0.40744510128052736
Finance,Bank of China Limited,0.40667218485810763
Electronic technology,Apple Inc.,0.3678716213902852
Finance,Morgan Stanley,0.3653603399119344
Retail trade,"Amazon.com, Inc.",0.3528167503706494
Technology services,"ServiceNow, Inc.",0.3288827853644643
Electronic technology,GE Aerospace,0.32619106500964645
Commercial services,Visa Inc.,0.2935817525819648
Finance,Berkshire Hathaway Inc.,0.27649506315643074
Consumer non-durables,L'Oréal,0.27556057688029534
Health technology,Novo Nordisk B AS,0.2667351143379658
Finance,"Goldman Sachs Group, Inc.",0.2598212807736834
Electronic technology,RTX Corporation,0.25672025163279516
Electronic technology,ASML Holding,0.25489186925939344
Consumer non-durables,LVMH,0.22295431513100392
Health technology,AbbVie Inc.,0.22292729178396006
Finance,Tata Consultancy Services Limited,0.20799176791319487
Retail trade,"Inditex (Industria de Diseño Textil, S.A.)",0.19526421392186058
Consumer services,Walt Disney Company,0.14860081006504852
Health technology,Nestlé S.A.,0.1181103874719669
