,movement,writer,title,text
0,Harlem Renaissance,Georgia Douglas Johnson,SONNET TO THE MANTLED,"And they shall rise and cast their mantles by,
Erect and strong and visioned, in the day That rings the knell of Curfew o'er the sway Ofprejudice whoreelswithmortalcry To lift no more her leprous, blinded eye, Reft of the fetters, far more cursed than they Which held dominion o'er human clay,
The spirit soars aloft where rainbows lie.
Like joyful exiles swift returning home
The rhythmic chanson of their eager feet,
While voices strange to ecstasy, long dumb, Break forth in major rhapsodies, full sweet.
Into the very star-shine, lo! they come Wearing the bays of victory complete!"
1,Harlem Renaissance,Georgia Douglas Johnson,SONNET TO THOSE WHO SEE BUT DARKLY,"
Their gaze uplifting from shoals of despair
Like phantoms groping enswathed from the light Up from miasmic depths, children of night,
Surge to the piping of Hope's dulcet lay, Souled like the lily, whose splendors declare
God's mazed paradox purged of all blight, Out from the quagmire, unsullied and fair.
Life holds her arms o'er the festering way, Smiles, as their faith-sandalled rushes prevail, Slowly the sun rides the marge of the day,
Wine to the lips sorely anguished and pale; On, ever on, do the serried ranks sway
Charging the ultimate, rending the veil."
2,Harlem Renaissance,Georgia Douglas Johnson,BROTHERHOOD,"Come, brothers all!
Shall we not wend
The blind-way of our prison-world
By sympathy entwined? Shall we not make
The bleak way for each other's sake
Less rugged and unkind?
O let each throbbing heart repeat The faint note of another's beat
To lift a chanson for the feet
That stumble down life's checkered street."
3,Harlem Renaissance,Georgia Douglas Johnson,LET ME NOT LOSE MY DREAM,"Let me not lose my dream, e'en though I scan the veil
with eyes unseeing through their glaze of tears, Let me not falter, though the rungs of fortune perish
as I fare above the tumult, praying purer air,
Let me not lose the vision, gird me, Powers that toss
the worlds, I pray!
Hold me, and guard, lest anguish tear my dreams
away !"
4,Harlem Renaissance,Georgia Douglas Johnson,LET ME NOT HATE,"Let me not hate, although the bruising world decries
my peace,
Gives me no quarter, hounds me while I sleep;
Would snuff the candles of my soul and sear my inmost
dreamings.
Let me not hate, though girt by vipers, green and hiss- ing through the dark;
I fain must love. God help me keep the altar-gleams
that flicker wearily, anon, On down the world's grim night!"
5,Harlem Renaissance,Georgia Douglas Johnson,CALLING DREAMS,"The right to make my dreams come true
I ask, nay, I demand of life,
Nor shall fate's deadly contraband Impede my steps, nor countermand.
Too long my heart against the ground Has beat the dusty years around, And now, at length, I rise, I wake! And stride into the morning-break!"
6,Harlem Renaissance,Georgia Douglas Johnson,DESIRE,"Ope! ye everlasting doors, unto my soul's demand,
I would go forward, fare beyond these dusty boule-
vards,
Faint lights and fair allure me all insistently
And I must stand within the halls resplendent, of my
dreams."
7,Harlem Renaissance,Georgia Douglas Johnson,SORROW SINGERS,"Hear their viol-voices ringing Down the corridor of years, As they lift their twilight faces
Through a mist of falling tears !"
8,Harlem Renaissance,Georgia Douglas Johnson,THE CROSS,"All day the world's mad mocking strife, The venomed prick of probing knife, The baleful, subtle leer of scorn
That rims the world from morn to morn,
While reptile-visions writhe and creep Into the very arms of sleep
To quench the fitful burnished gleams: A crucifixion in my dreams!"
9,Harlem Renaissance,Georgia Douglas Johnson,PREJUDICE,"These fell miasmic rings of mist, with ghoulish menace
bound,
Like noose-horizons tightening my little world around,
They still the soaring will to wing, to dance, to speed away,
And fling the soul insurgent back into its shell of clay:
Beneath incrusted silences, a seething Etna lies,
The fire of whose furnaces may sleep but never dies!"
10,Harlem Renaissance,Georgia Douglas Johnson,LAOCOON,"This spirit-choking atmosphere With deadly serpent-coil
Entwines my soaring-upwardness And chains me to the soil,
Where'er I seek with eager stride
To gain yon gleaming height, These noisesome fetters coil aloft
And snare my buoyant flight.
O, why these aspirations bold, These rigours of desire,
That surge within so ceaselessly Like living tongues of fire?
And why these glowing forms of hope That scintillate and shine,
If naught of all that burnished dream Can evermore be mine?
It cannot be, fate does not mock, And man's untoward decree
Shall not forever thus confine
Mylife's entirety,
My every fibre fierce rebels
Against this servile role,
And all my being broods to break
This death-grip from my soul!"
11,Harlem Renaissance,Georgia Douglas Johnson,MOODS,"My heart is pregnant with a great despair
With much beholding of my people's care, 'Mid blinded prejudice and nurtured wrong,
Exhaling wantonly the days along:
I mark Faith's fragile craft of cheering light
Tossing imperiled on the sea of night,
And then, enanguished, comes my heart's low cry, ""God, God! I crave to learn the reason why!""
Again, in spirit loftily I soar
With winged vision through earth's outer door,
In such an hour, it is mine to see, In frowning fortune smiling destiny !"
12,Harlem Renaissance,Georgia Douglas Johnson,HEGIRA,"Oh, black man, why do you northward roam, and leave all the farm lands bare?
Is your house not warm, tightly thatched from storm, and a larder replete your share?
And have you not schools, fit with books and tools the
steps of your young to guide?
Then what do you seek, in the north cold and bleak,
'mid the whirl of its teeming tide?
I have toiled in your cornfields, and parched in the sun, I have bowed 'neath your load of care,
I have patiently garnered your bright golden grain, in season of storm and fair,
With a smile I have answered your glowering gloom, while my wounded heart quivering bled,
Trailing mute in your wake, as your rosy dawn breaks, while I curtain the mound of my dead.
Though my children are taught in the schools you have wrought, they are blind to the sheen of the sky,
For the brand of your hand, casts a pall o'er the land, that enshadows the gleam of the eye,
My sons, deftly sapped of the brawn-hood of man, self- rejected and impotent stand,
My daughters, unhaloed, unhonored, undone, feed the lust of a dominant land.
I would not remember, yet could not forget, how the hearts beating true to your own,
You've tortured, and wounded, and filtered their blood 'till a budding Hegira has blown.
Unstrange is the pathway to Calvary's hill, which I wend in my dumb agony,
Up its perilous height, in the pale morning light, to dissever my own from the tree.
And so I'm away, where the sky-line of day sets the arch of its rainbow afar,
To the land of the north, where the symbol of worth sets the broad gates of combat ajar!"
13,Harlem Renaissance,Georgia Douglas Johnson,THE PASSING OF THE EX-SLAVE,"Swift melting into yesterday,
The tortured hordes of ebon-clay;
No more is heard the plaintive strain, The rhythmic chaunting of their pain.
Their moundad bodies dimly rise
To fill the gulf of sacrifice,
And o'er their silent hearts below
The mantled millions softly go.
Some few remaining still abide, Gnarled sentinels of time and tide, Now mellowed by a chastened glow Which lighter hearts will never know.
Winding into the silent way,
Spent with the travail of the day,
So royal in their humble might
These uncrowned Pilgrims of the Night!"
14,Harlem Renaissance,Georgia Douglas Johnson,THE OCTOROON,"One drop of midnight in the dawn of life's pulsating stream
Marks her an alien from her kind, a shade amid its
gleam;
Forevermore her step she bends insular, strange,
apart
And none can read the riddle of her wildly warring
heart.
The stormy current of her blood beats like a mighty sea
Against the man-wrought iron bars of her captivity. For refuge, succor, peace and rest, she seeks that
humble fold
Whose every breath is kindliness, whose hearts are
purest gold."
15,Harlem Renaissance,Georgia Douglas Johnson,ALIENS,"
(To You EVERYWHERE! DEDICATED)
They seem to smile as others smile, the masquerader's art
Conceals them, while, in verity, they're eating out their heart,
Betwixt the two contending stones of crass humanity
They lie, the fretted fabric of a dual dynasty. i
A single drop, a sable strain debars them from their
own,
The others fold them furtively, but God! they are
alone,
Blown by the fickle winds of fate far from the traveled
mart
To die, when they have quite consumed the morsel of
their heart.
When man shall lift his lowered eyes to meet the moon
of truth,
Shall break the shallow shell of pride and wax in ways
of ruth,
He cannot hate, for love shall reign untrammelled in
the soul,
While peace shall spread a rainbow o'er the earth from
pole to pole."
16,Harlem Renaissance,Georgia Douglas Johnson,CONCORD,"Nor shall I in sorrow repine,
But offer a paean of praise
To the infinite God of my days
Who marshals the pivoting spheres Through the intricate maze of the years,
Who loosens the luminous flood
That lightens the purlieus of men, I shall not in sorrow repine
To break the eternal Amen !"
17,Harlem Renaissance,Georgia Douglas Johnson,THE MOTHER ,"The mother soothes her mantled child
With incantation sad and wild;
A deep compassion brims her eye And stills upon her lips, the sigh.
Her thoughts are leaping down the years, O'er branding bars, through seething tears, Her heart is sandaling his feet
Adown the world's corroding street.
Then, with a start she dons a smile
His tender yearnings to beguile, And only God will ever know
The wordless measure of her woe."
18,Harlem Renaissance,Georgia Douglas Johnson,MATERNITY,"Proud?
BRONZE
MATERNITY
Perhaps andyet
I cannot say with surety That I am happy thus to be
Responsible for this young life's embarking. Is he not thrall to prevalent conditions? Does not the day loom dark apace
To weave its cordon of disgrace
Around his lifted throat?
Is not this mezzotint enough and surfeit
For such prescience?
Ah, did I dare
Recall the pulsing life I gave, And fold him in the kindly grave !
Proud?
Perhaps could I but ever so faintly scan The broad horizon of a man
Swept fair for his dominion
So hesitant and half-afraid
I view this babe of sorrow!"
19,Harlem Renaissance,Georgia Douglas Johnson,BLACK WOMAN,"Don't knock at my door, little child, I cannot let you in,
You know not what a world this is Of cruelty and sin.
Wait in the still eternity Until I come to you,
The world is cruel, cruel, child, I cannot let you in!
Don't knock at my heart, little one, I cannot bear the pain
Of turning deaf-ear to your call Time and time again !
You do not know the monster men
Inhabiting the earth,
Be still, be still, my precious child, I must not give you birth !"
20,Harlem Renaissance,Georgia Douglas Johnson,"""ONE OF THE LEAST OF THESE, MY LITTLE ONE""","The infant eyes look out amazed upon the frowning
earth,
A stranger, in a land now strange, child of the mantled-
birth;
Waxing, he wonders more and more; the scowling grows
apace;
A world, behind its barring doors, reviles his ebon face:
Yet from this maelstrom issues forth a God-like entity, That loves a world all loveless, and smiles on Calvary!"
21,Harlem Renaissance,Georgia Douglas Johnson,"SHALL I SAY, ""MY SON, YOU'RE BRANDED""?","Shall I say, ""My son, you're branded in this country's pageantry,
By strange subtleties you're tethered, and no forum sets you free?""
Shall I mark the young lights fading through your soul- enchannelled eye,
As the dusky pall of shadows screen the highway of your sky?
Or shall I, with love prophetic, bid you dauntlessly arise,
Spurn the handicap that clogs you, taking what the world denies,
Bid you storm the sullen fortress wrought by prejudice
and wrong
With a faith that shall not falter, in your heart and on
your tongue !"
22,Harlem Renaissance,Georgia Douglas Johnson,MY BOY,"I hear you singing happily, My boy of tarnished mien,
Lifting your limpid, trustful gaze In innocence serene.
A thousand javelins of pain Assault my heaving breast
When I behold the storm of years That beat without your nest.
O sing, my lark, your matin song
Of joyous rhapsody,
Distil the sweetness of the hours
In gladsome ecstasy.
For time awaits your buoyant flight Across the bar of years,
Sing, sing your song, my bonny lark, Before it melts in tears!"
23,Harlem Renaissance,Georgia Douglas Johnson,GUARDIANSHIP,"That dusky child upon your knee Is breath of God's eternity; Direct his vision to the height
Let naught obscure his royal right.
Although the highways to renown Are iron-barred by fortune's frown,
'Tis his to forge the master-key That wields the locks of destiny!"
24,Harlem Renaissance,Georgia Douglas Johnson,UTOPIA,"God grant you wider vision, clearer skies, my son, With morning's rosy kisses on your brow;
May your wild yearnings know repose, And storm-clouds break to smiles
As you sweep on with spreading wings Unto a waiting sunset!"
25,Harlem Renaissance,Georgia Douglas Johnson,LITTLE SON,"The very acme of my woe, The pivot of my pride,
My consolation, and my hope Deferred, but not denied.
The substance of my every dream, The riddle of my plight,
The very world epitomized In turmoil and delight."
26,Harlem Renaissance,Georgia Douglas Johnson,BENEDICTION,"
Go forth, my son,
Winged by my heart's desire!
Great reaches, yet unknown, Await
For your possession.
I may not, if I would, Retrace the way with you,
My pilgrimage is through, But life is calling you !
Fare high and far, my son, A new day has begun,
Thy star-ways must be won !"
27,Harlem Renaissance,Georgia Douglas Johnson,CREDO,"I believe in the ultimate justice of Fate;
That the races of men front the sun in their turn; That each soul holds the title to infinite wealth In fee to the will as it masters itself;
That the heart of humanity sounds the same tone
In impious jungle, or sky-kneeling fane. I believe that the key to the life-mystery
Lies deeper than reason and further than death. I believe that the rhythmical conscience within Is guidance enough for the conduct of men."
28,Harlem Renaissance,Georgia Douglas Johnson,PROMISE,"
Through the moil and the gloom they have issued
To the steps of the upwinding hill, Where the sweet, dulcet pipes of tomorrow
In their preluding rhapsodies trill.
With a thud comes a stir in the bosom, As there steals on the sight from afar,
Through a break of a cloud's coiling shadow The gleam of a bright morning star!"
29,Harlem Renaissance,Georgia Douglas Johnson,THE SUPPLIANT,"
Long have I beat with timid hands upon life's leaden door,
Praying the patient, futile prayer my fathers prayed before,
Yet I remain without the close, unheeded and unheard, And never to my listening ear is borne the waited word.
Soft o'er the threshold of the years there comes this counsel cool:
The strong demand, contend, prevail; the beggar is a fool!"
30,Harlem Renaissance,Georgia Douglas Johnson,HOPE,"
Frail children of sorrow, dethroned by a hue,
The shadows are flecked by the rose sifting through, The world has its motion, all things pass away,
No night is omnipotent, there must be day.
The oak tarries long in the depth of the seed, But swift is the season of nettle and weed,
Abide yet awhile in the mellowing shade,
And rise with the hour for which you were made.
The cycle of seasons, the tidals of man Revolve in the orb of an infinite plan,
We move to the rhythm of ages long done, And each has his hour to dwell in the sun !"
31,Harlem Renaissance,Georgia Douglas Johnson,COSMOPOLITE,"
Not wholly this or that,
But wrought
Of alien bloods am I,
A product of the interplay Of traveled hearts.
Estranged, yet not estranged, I stand
All comprehending; From my estate
I view earth's frail dilemma; Scion of fused strength am I,
All understanding, Nor this nor that
Contains me."
32,Harlem Renaissance,Georgia Douglas Johnson,FUSION,"How deftly does the gardener blend This rose and that
To bud a new creation,
More gorgeous and more beautiful
Than any parent portion,
And so,
I trace within my warring blood
The tributary sources, They potently commingle
And sweep
With new-born forces!"
33,Harlem Renaissance,Georgia Douglas Johnson,PERSPECTIVE,"Some day
I shall be glad that it was mine to be A dark fore-runner of a race burgeoning; I then shall know
The secret of life's Calvary,
And bless the thorns
That wound me!"
34,Harlem Renaissance,Georgia Douglas Johnson,WHEN I RISE UP,"When I rise above the earth,
And look down on the things that fetter me,
I beat my wings upon the air, Or tranquil lie,
Surge after surge of potent strength Like incense comes to me
When I rise up above the earth
And look down upon the things that fetter me."
35,Harlem Renaissance,Georgia Douglas Johnson,FAITH,"The faint lose faith
When in the tomb their all is laid, And there returns
No echoing of weal or woe.
The strong hope on,
They see the clods close over head,
The grass grow green, Nowordis said,
And yet
A little world within the world
Are we,
Daily our hearts' high yearnings fade, Are buried !
New ones are made, Are crucified !
And yet"
36,Harlem Renaissance,Georgia Douglas Johnson,WE FACE THE FUTURE,"
The hour is big with sooth and sign, with errant men
at war,
While blood of alien, friend, and foe imbues the land
afar,
And we, with sable faces pent, move with the vanguard
line,
Shod with a faith that Springtime keeps, and all the
stars opine."
37,Harlem Renaissance,Georgia Douglas Johnson,SOLDIER,"
Though I should weep until the judgment, How would it serve
Brave men are fighting, women speed them, 'Tis a day
Of crucial conflict!
My son, sometimes it seems Fd rather hold You safe beneath my heart
Than send you forth !
But lo! The sun is red and weaker children go!
Though I should weep until the judgment, How would it serve !
I'll close my eyes and smile, Son of Mine, Your cause is kingly!
Step proud and confident, worthy your mother;
Be firm and brave, O Son of Mine, be strong, For terror waxeth,
Speed swift away,
Though I should weep until the judgment . . ."
38,Harlem Renaissance,Georgia Douglas Johnson,HOMING BRAVES ,"
There's music in the measured tread Of those returning from the dead Like scattered flowers from a plain So lately crimson, with the slain.
No more the sound of shuffled feet Shall mark the poltroon on the street,
Nor shifting, sodden, downcast eye Reveal the man afraid to die.
They shall have paid full, utterly The price of peace across the sea,
When, with uplifted glance, they come To claim a kindly welcome home.
Nor shall the old-time daedal sting Of prejudice, their manhood wing,
Nor heights, nor depths, nor living streams Stand in the pathway of their dreams !"
39,Harlem Renaissance,Georgia Douglas Johnson,TAPS,"They are embosomed in the sod,
In still and tranquil leisure,
Their lives they've cast like trifles down,
To serve their country's pleasure.
Nor bugle call, nor mother's voice,
Nor moody mob's unreason, Shall break their solace and repose
Through swiftly changing season.
O graves of men who lived and died
Afar from life's high pleasures, Fold them in tenderly and warm
With manifold fond measures."
40,Harlem Renaissance,Georgia Douglas Johnson,PEACE,"Peace on a thousand hills and dales, Peace in the hearts of men
While kindliness reclaims the soil Where bitterness has been.
The night of strife is drifting past, The storm of shell has ceased,
Disrupted is the cordon fell, Sweet charity released.
Forth from the shadow, swift we come
Wrought in the flame -together, All men as one beneath the sun
In brotherhood forever."
41,Harlem Renaissance,Georgia Douglas Johnson,QUESTION,"
Where are the brave men, where are the strong men?
Pygmies rise
And spawn the earth.
Weak-kneed, weak-hearted, and afraid,
Afraid to face the counsel of their timid hearts, Afraid to look men squarely,
Down they gaze With fatal fascination
Down, down
Into the whirling maggot sands Of prejudice."
42,Harlem Renaissance,Georgia Douglas Johnson,THE INITIATE,"The woes of flesh are naught
To one who knows
The agony of soul!
'Twere but the thud of wind and rain Upon the roof.
The woes of flesh are naught To one who knows!"
43,Harlem Renaissance,Georgia Douglas Johnson,BONDAGE,"Many cages round me, Bar on bar
Stand grim, forbidding! Ghostly pressures Clutch my heart.
I gaze with eyes unseeing Whereunto may I wander free?
Alas, alas!
My garden walks lie inwardly!"
44,Harlem Renaissance,Georgia Douglas Johnson,RESOLUTION,"With but one life full certified, And that of every gleam denied
My portion,
Close to the unrelenting sod,
E'en as my fathers dumbly trod,
I've slumbered;
But now a surging, wild unrest
Uproots the poppies from my breast,
My soul awake, erect! anew!
I stand and face the star-swept blue,
And swear to make my dreams come true!"
45,Harlem Renaissance,Georgia Douglas Johnson,ECLIPSE,"Aflounder the uncompassed darkness of doubt In search of the path to the goal
That lies at the end of our transient day, The ultimate bourne of the soul;
I grasp into nothingness, feebly essay To clasp but a willow, a stone,
And grope through the stepless, unechoing gloom Unanswered, unsuccored, 'alone!"
46,Harlem Renaissance,Georgia Douglas Johnson,WHY,"The verdure sleeps in winter, Awakes with April rain,
The sun swings low 'tis night ascends, And lo! 'tis morn again:
The world spins on triumphant Across a trackless sky,
And man seeks evermore in vain The primal reason why.
whither are we rushing?
And wherefrom were we torn?
We breathe from out the silences, And breathless, back are borne.
Deep in the soul are voices
Returning this reply: It took a God to make us,
Only God can answer why !"
47,Harlem Renaissance,Georgia Douglas Johnson,HUSKS,"Forever and forevermore, Across the heights, the deeps,
Spurred by an ever-flaming zeal That slumbers not, nor sleeps
We chase the furtive form of fame
Beyond the edge of dusk,
To bear within our arms at length,
An empty mocking, husk!"
48,Harlem Renaissance,Georgia Douglas Johnson,THE WATCHER,"The long, grim years with iron tread Move down the shuttered isle
Of time's unrecking labyrinth Paved with forgotten dead.
And I, a feather in their wake,
Gaze long and tremblingly Into these sunless corridors,
Praying the light to break!"
49,Harlem Renaissance,Georgia Douglas Johnson,THE VANISHED ROAD,"
We're wending the trail of the vanishing road, With a song and a shout, just to lighten the load, That lies in the heart, filled with queries and cares, For never a traveler knows where he fares.
But on with a jest, and rollicksome cheer,
With laughter that leaps, as a veil, for the tear; The world's weary caravan finds that abode That lies at the end of the vanishing road."
50,Harlem Renaissance,Georgia Douglas Johnson,SERVICE,"
When we count out our gold at the end of the day, And have filtered the dross that has cumbered the way,
Oh, what were the hold of our treasury then
Save the love we have shown to the children of men?"
51,Harlem Renaissance,Georgia Douglas Johnson,TO THE MARTYRED,"O sacrificial throng whose lives
Build up the yawning deeps O'er which we pass reflectively
To broader lights and sweeps.
Know, that we hold with reverence The signal price you paid,
And all our trophies, one by one, Upon your bier are laid."
52,Harlem Renaissance,Georgia Douglas Johnson,TO JOHN BROWN,"We lift a song to you across the day
Which bears through travailing the seed you spread In terror's morning, flung with fingers red
In blood of tyrants, who debarred the way
To Freedom's dawning. Hearken to the lay Chanted by dusky millions, soft and mellow-keyed, In minor measure, Martyr of the Freed,
A song of memory across the day.
Truth cannot perish though the earth erase
The royal signals, leaving not a trace,
And time still burgeoneth the fertile seed, Though he is crucified who wrought the deed: O Alleghanies, fold him to your breast
Until the judgment! Sentinel his rest!"
53,Harlem Renaissance,Georgia Douglas Johnson,TO ABRAHAM LINCOLN,"Within the temple of our heart Your sacred memory dwells apart,
Where ceaselessly a censor swings
Alight with fragrant offerings;
Nor time, nor tide, nor circumstance
Can dim this grand remembrance, And all the blood of Afric hue
Beats in one mighty tide for you !"
54,Harlem Renaissance,Georgia Douglas Johnson,TO WILLIAM STANLEY BRAITHWAITE,"When time has rocked the present age to sleep, And lighter hearts are lilting to the sway
Of rhythmic poesy's enhanced lay, Recurring sequences shall fitly keep
Your fame eternal, as they lightly sweep Aside the curtain to that potent day
When you in primal fervor, led the way Unto Apollo's narrow winding steep.
None shall forget your travail, utter, sore, That oped the golden avenue of song,
When, like a knight, so errantly you bore The mantled children valiantly along, Their homage as a rising incense sweet Shall permeate the heavens at your feet!"
55,Harlem Renaissance,Georgia Douglas Johnson,TO W. E. B. DuBOIS SCHOLAR,"Grandly isolate as the god of day
Blazing an orbit through the dank and gloom
Of misty morning, far and fair you loom,
Flooding the dimness with your golden ray, Cheering the mantled on the thorn-set way,
Teaching of Faith and Hope o'er the tomb, Where both, though buried, spring to newer bloom- Strengthened and sweet from the mound of decay.
Soft! strains of Sanctus we lift on the air,
Ere Nunc Dimittus at last shall be sung,
Sing we our Sanctus to fitly declare
Blessings that well up from hearts sorely wrung.
Lead, lead us on o'er the furthermost stair Lightofourimpotence! Joyofourtongue!"
56,Harlem Renaissance,Georgia Douglas Johnson,TO RIDGELY TORRENCE PLAYWRIGHT,"
All hail ! fair vistas break upon the view,
The gates swing wide and free with clanging sound,
Rejoice! a mighty champion is found,
Son of the morning, prescient and true. Upon the threshold of a cycle new
He stands, and sentinels its virgin ground,
Seer in his poet-visioning profound, Presaging vaster reaches skies more blue.
Lifting their misty glances to the day,
The prismic children pass the erstwhile bars,
Exultant, swiftly, boundingly they stray, Awhile forgetful of deep, hidden scars
Thus, as a golden legend time shall tell
Of him who wrought so mightily and well !"
57,Harlem Renaissance,Georgia Douglas Johnson,TO RICHARD R. WRIGHT INSTRUCTOR,"Son of a race, whose dusky visage shows The heel of fortune, those who walk unfree
Though cradled in the hold of liberty,
Whose shackled spirit every gamut knows
Of Hate's cadenza, through whose warm blood flows The royal ransom of love's dynasty,
Scion of these, he strides to meet his foes.
Erect, unbending, note his sable brow,
The rugged furrows where deep feelings plough, The step of vigor and the noble air,
The subtle halo of his wintry hair,
Up from the furnace of the Earth's red sea
A man is fashioned for the years to be!"
58,Harlem Renaissance,Georgia Douglas Johnson,"TO SAMUEL COLERIDGE TAYLOR, UPON HEARING HIS","
Strange to a sensing motherhood, Lovedasatoy notunderstood, Child of a dusky father, bold; Frail little captive, exiled, cold.
Oft when the brooding planets sleep,
You through their drowsy empires creep, Flinging your arms through their empty space, Seeking the breast of an unknown face."
59,Harlem Renaissance,Georgia Douglas Johnson,TO EMILIE BIGELOW HAPGOOD PHILANTHROPIST,"
Far from the seried ranks you sway,
Firm in your own believing
In that frail brotherhood, who stray
Sore anguishing, sore grieving.
Such hands as yours, adown the years
Enchain a faith unbroken,
They stay the dreary waste of tears, And lift to Hope a token !"
60,Harlem Renaissance,Georgia Douglas Johnson,TOHENRYLINCOLNJOHNSON LAWYER,"Quite firmly did you stand, and unafraid Before that haughty bar that sought to hold
You fettered, lest you strengthen and grow bold To break a clearing through that fetid glade Which their benighted prejudice -had made; They taunted you with darkling hints of gold, Preferring you were bought as you had sold, They weaved their webs like spiders in the shade.
But as a giant in the falling night
Of storm, you forged afore with ruthless tread, To offer up your heart's blood in the fight,
Forgetting self, unmindful, unafraid,
Nor pausing until thrice acclaimed the right
To rally in the tents of those you led."
61,Harlem Renaissance,Georgia Douglas Johnson,TO MARY CHURCH TERRELL LECTURER,"A pioneer, she blazed a trail of light
Through murky shadows, with a lithesome tread Unto those forums, where Hope's beams are shed:
Straight through the mighty cordon of the night, Rapt with a vision, soul-born, clear and bright,
Leaving the South of frigid wrong, she sped Into the North, where hearts glow warm instead,
A people's tragedy to there recite.
Hope's liquid pipings lift their tender lay,
Morning is waking, flushed with rosy gleam, Night with its shadow winds with yesterday
Adown the world-way as an inky stream, Seed time and harvest deftly interplay, And Life's fruition is its vital dream!"
62,Harlem Renaissance,Georgia Douglas Johnson,TOMAYHOWARDJACKSON SCULPTOR,"You saw the vision in the face of clay,
And fixed it through the magic of a hand
Obedient unto the will's command,
In forms impervious to Time's decay: Historian of bloods that interplay
Confusedly within a cryptic land,
You've chiseled, and your work of art shall stand To gem the archives of a better day.
Alone, far from the touch of kindred mind,
You've mounted with a grim, determined zeal,
Despite environment austere, unkind,
Or frozen-fingers clenched to your appeal, You've held the ardor of your first ideal,
Robed in a queenly majesty, resigned."
63,Harlem Renaissance,Georgia Douglas Johnson,TO THE MEMORY OF INEZ MILHOLLAND,"
Folded in silent veils of sleep,
You calmly rest,
For God hath spoken, should we weep?
He knoweth best.
But rather let us garner still
While yet we may,
And meet you in His Holy Hill
On that Great Day !"
64,Harlem Renaissance,Georgia Douglas Johnson,TOATLANTAUNIVERSITY ITSFOUNDERS AND TEACHERS,"
Pass down the aisle of buried years to-night, And stand uncovered in that holy place
Where noble structures lift their hallowed height Beneath a bending Heaven's chaste embrace, The fruit of those who scorned the path of ease, To buckle on the armaments of care
Like to the Son of Man Himself, were these
Who gave themselves for brother men less fair.
Before the blinding footlights of to-day
We man our parts within Life's tragic play, Full mindful of the earnest love and care That keeps eternal watch and vigil there;
Nor do they need fair monuments and scrolls Their memories are deathless in our souls."
65,Harlem Renaissance,Georgia Douglas Johnson,THE HEART OF A WOMAN,"The heart of a woman goes forth with dawn,
As a lone bird, soft winging, so restlessly on, Afar o'er life's turrets and vales does it roam In the wake of those echoes the heart calls home.
The heart of a woman falls back with the night, And enters some alien cage in its plight,
And tries to forget it has dreamed of the stars While it breaks, breaks, breaks on the sheltering
bars."
66,Harlem Renaissance,Georgia Douglas Johnson,THE DREAMS OF THE DREAMER,"The dreams of the dreamer Are life-drops that pass
The break in the heart To the souFs hour-glass.
The songs of the singer Are tones that repeat
The cry of the heart 'Till it ceases to beat."
67,Harlem Renaissance,Georgia Douglas Johnson,GOSSAMER,"The peerless boon of innocence, The first in nature's Hst,
Is fading, ere the rising sun The world awake has kist.
The early dew upon the grass, The purity of morn,
The glint that lies in virgin cheek. Frail cobwebs—of the dawn."
68,Harlem Renaissance,Georgia Douglas Johnson,SYMPATHY,"My joy leaps with your ecstasy, In sympathy divine;
The smiles that wreathe upon your lips. Find sentinels on mine:
Your lightest sigh I'm echoing, I tremble with your pain,
And all your tears are falling In my heart like bitter rain."
69,Harlem Renaissance,Georgia Douglas Johnson,CONTEMPLATION,"We stand mute!
No words can paint such fragile imagery, Those prismic gossamers that roll Beyond the sky-line of the soul;
We stand mute!"
70,Harlem Renaissance,Georgia Douglas Johnson,DEAD LEAVES,"
The breaking dead leaves 'neath my feet A plaintive melody repeat,
Recalling shattered hopes that lie
As relics of a bygone sky.
Again I thread the mazy past,
Back where the mounds are scattered fast - Oh! foolish tears, why do you start,
To break of dead leaves in the heart?"
71,Harlem Renaissance,Georgia Douglas Johnson,DAWN,"
Trailing night's sand-sifted stars, Rainbows sweep, as day unbars. Fragrant essences of morn, Bathe humanity — new-born I"
72,Harlem Renaissance,Georgia Douglas Johnson,ELEVATION,"
There are highways in the soul, Heights like pyramids that rise Far beyond earth-veiled eyes, Sweeping through the barless skies O'er the line where daylight dies —
There are highways in the soul!"
73,Harlem Renaissance,Georgia Douglas Johnson,PEACE,"I rest me deep within the wood, Drawn by its silent call,
Far from the throbbing crowd of men On nature's breast I fall.
My couch is sweet with blossoms fair, A bed of fragrant dreams,
And soft upon my ear there falls The lullaby of streams.
The tumult of my heart is stilled, Within this sheltered spot.
Deep in the bosom of the wood.
Forgetting, and—forgot"
74,Harlem Renaissance,Georgia Douglas Johnson,WHITHER?,"Minutes swiftly throb and pass, Shadows cross the dial-glass,
Speeding ever to some call, Weary world and shadows, all.
Down the closing aisles of day, Tramping footsteps die away,
But no tidings thread the gloom, From the hushed and silent tomb."
75,Harlem Renaissance,Georgia Douglas Johnson,QUEST,"
The phantom happiness I sought O'ereverycragandmoor; •
I paused at every postern gate, And knocked at every door;
In vain I searched the land and sea, E'en to the inmost core,
The curtains of eternal night Descend — my search is o'er."
76,Harlem Renaissance,Georgia Douglas Johnson,MATE,"Our separate winding ways we trod, Along the highways, unto God, Unbonded by the clasp of hand, Without a vow — we understand. Estranged for aye, the fusing kiss. Omnipotent, we bide in this —
They need no trammeling of bars Whose souls were welded with the stars."
77,Harlem Renaissance,Georgia Douglas Johnson,EMBLEMS,"A wordless kiss, a stifled sigh,
A trembling lip, a downcast eye,
Alas,"" they say,
A-day, a-day,""
The cruse has failed, the lamp must die!"
78,Harlem Renaissance,Georgia Douglas Johnson,MIRRORED,"When lone and solitaire within your chamber, With lamp unlit, as evening shades unroll.
If you reveal the trail your thoughts are taking, I then may read the riddle of your soul.
For it is then, the tired mind unveiling, Drifts stark into the holy after-glow.
Within the hour of quiet meditation.
The tidal thoughts, like limpid waters, flow."
79,Harlem Renaissance,Georgia Douglas Johnson,REPULSE,"Nobody cares when I am glad,
I beat upon their hearts in glee,
"" Drink, drink joy's brimming cup with me,"" All echoless, my ecstasy —
Nobody cares when I am glad.
Nobody cares when I am sad,
Whene'er I seek compassion's breast,
I falter wounded from my quest — Back! back into my heart, sore prest
Nobody cares when I am sad.
*"
80,Harlem Renaissance,Georgia Douglas Johnson,QUERY,"
Is she the sage who will not sip
The cup love presses to her lip ?
Or she who drinks the mad cup dry, And turns with smiling face — to die?"
81,Harlem Renaissance,Georgia Douglas Johnson,PENT ,"
The rain is falling steadily Upon the thirsty earth,
While dry-eyed, I remain, and calm Amid my own heart's dearth.
Break! break! ! ye flood-gates of my tears All pent in agony,
Rain, rain! upon my scorching soul And flood it as the sea! !"
82,Harlem Renaissance,Georgia Douglas Johnson,PAGES FROM LIFE,"Not for your tender eyes that shine, Nor for your red lips pulsing wine, I love you, dear: your soul divine. In sweet captivity, holds mine!
The tender eyes have lost their glow, The flagons of the lips run low. — The autumn trembles in the air,
A woman passes solitaire!"
83,Harlem Renaissance,Georgia Douglas Johnson,RECALL,"Winter—aback sweeps the inward eye, Fleet o'er the trail to a rose-wreathed sky, Girt by a cordon of dreams I dwell
Deep in the heart of the old-time spell.
Almost, the tones of your whispered word, Almost! the thrill that your dear lips stirred,
Almost! the thrill that your dear lips stirred
Almost!!, — ('Tis winter, the falling rain).
that wild pulsing throb again"
84,Harlem Renaissance,Georgia Douglas Johnson,GETHSEMANE,"Into the garden of sorrow,
Some day we all must roam,
If not to-day, then to-morrow,
Bow 'neath its purple dome.
Out from the musk-laden banqueting halls, Doffing our mirth-spangled vestments like
thralls,
Softly we wend to Gethsemane, In the hour that sorrow calls 1"
85,Harlem Renaissance,Georgia Douglas Johnson,IMPELLED,"
Athwart the sky the great sun sails, Through seons thus, the daylight trails, And man, living breath of the sod Beholding, in his heart knows God.
Throughout the night's long brooding deep, Earth's trustful children die-to-sleep.
But with the whisperings of morn
Awake, unto the day, new-born.
The mystery of earth untold, The great infinite, none behold, Forge ever new the spiral chain, Revolving man to God again."
86,Harlem Renaissance,Georgia Douglas Johnson,EVENTIDE,"The silence of the brooding night, Enfolds me with its eerie light;
I lie upon its shadowed breast
A pilgrim, wearying for rest
Nightfall! thy sable curtains steep
My very soul in solace deep,
God sends thee with thy soothing balms, That I may falter to thy arms."
87,Harlem Renaissance,Georgia Douglas Johnson,THRALL,"
Fragile, tiny, just a sprite, Holding me a thrall bedight, Stronger than a giant's wand Serves the word of your command.
Out from rushing worlds, though low Should you whisper, I would know, And would answer, though the breath Be the gateway unto death."
88,Harlem Renaissance,Georgia Douglas Johnson,YOUTH,"The dew is on the grasses, dear, The blush is on the rose.
And swift across our dial-youth, A shifting shadow goes.
The primrose moments, lush with bliss, Exhale and fade away,
Life may renew the Autumn time, But nevermore the May!"
89,Harlem Renaissance,Georgia Douglas Johnson,JOY,"There's a soft rosy glow o*er the whole world to-day,
There's a freshness and fragrance that trembles in May,
There's a lilt in the music that vibrates and thrills
From the uttermost glades to the tops of the hills.
Oh! I am so happy, my heart is so light.
The shades and the shadows have vanished from
sight,
This wild pulsing gladness throbs like a sweet
pain —
O soul of me, drink, ere night falleth again!"
90,Harlem Renaissance,Georgia Douglas Johnson,POSTHUMOUS,"
Of what avail the tardy showers, To the famished summer flowers ? All in vain the rain-drops cry, Dead things never make reply.
Life's belated cup of bliss, Woo the weary lips to kiss, When the singing is a sigh. Pulses quivering, to die."
91,Harlem Renaissance,Georgia Douglas Johnson,OMEGA,"
The fragile fabric of our dream Drifts as a feather down life's stream The long defile of empty days
Grim silhouetted, mock my gaze.
Though oft escapes the stifled sigh, A desert ever broods my eye —
Since you have utterly forgot, God grant that I remember not!"
92,Harlem Renaissance,Georgia Douglas Johnson,TEARS AND KISSES,"There are tears sweet, refreshing like dewdrops that rise,
There are tears far too deep for the lakes of the eyes.
There are kisses like thistledown, fitfully sped, There are kisses that live in the hearts of the
dead."
93,Harlem Renaissance,Georgia Douglas Johnson,ISOLATION,"Alone! yes, evermore alone—isolate each his way,
Though hand is echoing to hand vain sophistries of clay.
Within that veiled, mystic place where bides the inmost soul,
No twain shall pass while tides shall wax, nor changing seasons roll.
Enisled, apart our pilgrimage, despite the arms that twine.
Despite the fusing kiss that wields the magic charm of wine.
Despite the interplay of sigh, the surge of sympathy.
We tread in solitude remote, the trail of destiny!"
94,Harlem Renaissance,Georgia Douglas Johnson,WHERE?,"I called you through the silent night Across the brooding deep,
I sought you in the shadowland From out the world — asleep;
No answer echoed to my call, And now my way I thread
About the lowly mounds that rise Among the silent dead.
Though voiceless, you will hear my call, Your soul will heed my cry.
Will rise, and mock the prison where Your bones recumbent lie."
95,Harlem Renaissance,Georgia Douglas Johnson,TIRED,"Fm tired, days and nights to me Drag on in slow monotony,
With not a single star in sight To lend a gleam of cheering light.
I'm tired, there are none to care That I am drifting to despair:
O shadows! take me to your breast
For I am tired —I would
rest."
96,Harlem Renaissance,Georgia Douglas Johnson,SMOTHERED FIRES,"A woman with a burning flame Deep covered through the years
Withashes. Ah!shehiditdeep, And smothered it with tears.
Sometimes a baleful light would rise From out the dusky bed,
And then the woman hushed it quick To slumber on, as dead.
At last the weary war was done The tapers were alight,
And with a sigh of victory
She breathed a soft —good-night!"
97,Harlem Renaissance,Georgia Douglas Johnson,THE MEASURE,"Fierce is the conflict — the battle of eyes, Sure and unerring, the wordless replies, Challenges flash from their ambushing caves Men, by their glances, are masters or slaves."
98,Harlem Renaissance,Georgia Douglas Johnson,INEVITABLY,"
There's nothing in the world that clings As does a memory that stings;
While happy hours fade and pass,
Like shadows in a looking-glass."
99,Harlem Renaissance,Georgia Douglas Johnson,MODULATIONS,"The petals of the faded rose Commingle silently,
One with the atoms of the dust, One with the chaliced sea.
The essence of my fleeting youth Caught in the web of time,
Exhales within the springing flowers Or breathes in love sublime.
/ -'"
100,Harlem Renaissance,Georgia Douglas Johnson,RHYTHM,"Oh, my fancy teems with a world of dreams, — They revolve in a glittering fire,
How they twirl and go with the tunes that flow On the breath of my soul-strung lyre."
101,Harlem Renaissance,Georgia Douglas Johnson,GILEAD,"Walk within thy own heart's temple, child, and rest,
What you seek abides forever in thy breast. Closer than thy folded arm
Is the soul-renewing-balm,
Walk within thy own heart's temple, child, and
rest."
102,Harlem Renaissance,Georgia Douglas Johnson,FOREDOOM,"
Her life was dwarfed, and wed to blight, Her very days were shades of night, Her every dream was born entombed.
Her soul, a bud, — that
never bloomed."
103,Harlem Renaissance,Georgia Douglas Johnson,WHENE'ERI LIFTMYEYESTOBLISS,"Whene'er I lift my eyes to bliss, I stagger blind with pain,
Afar into the folding night The silence, and the rain.
Whene'er I feel the urge of Spring, A throbbing, unknown woe
Enfolds me; I am desolate When love is calling low."
104,Harlem Renaissance,Georgia Douglas Johnson,DESPAIR,"
The curtains of twilight are drawn in the west And vespers are sweet on the air,
While I, through my leafless, ungarlanded way But pause at the gates of despair.
Good-bye to the hopes that were never fulfilled, Good-bye to the fond dreams that failed.
Good-bye to my dead that has never been born. Good-bye to love's ship that ne'er sailed."
105,Harlem Renaissance,Georgia Douglas Johnson,WHENI AMDEAD,"When I am dead, withhold, I pray, your bloom- ing legacy;
Beneath the willows did I bide, and they should cover me;
I longed for light and fragrance, and I sought them far and near,
O, it would grieve me utterly, to find them on my bier!"
106,Harlem Renaissance,Georgia Douglas Johnson,SUPREME,"The fairest lips are those we kiss,
With greatest ecstasy and bliss;
The brightest eyes, are those that shine, Unchangingly through changing time; The greatest love is that we know. When life is just an afterglow."
107,Harlem Renaissance,Georgia Douglas Johnson,IN QUEST,"
With the first blush of morning, my soul is awing,
Away o'er the phantom lands free, wandering, I seek thee in hamlet, in woodland, and hall.
Till night-shades, enfolding my tired heart, fall.
Yet ever and alway, like the thrush in a tree. My heart lifts its preluding love-song to thee; I call through the days, through the long weary
years.
And slumber at night-fall, refreshed by my
tears."
108,Harlem Renaissance,Georgia Douglas Johnson,RECOMPENSE,"Roses after rain,
Pleasure after pain,
Happiness will soothe the sigh, Smiles await the tear-dimmed eye Bloom will follow blight, Daylight trails the night,
Life is sweeter
Love is deeper
In the heart's twilight!"
109,Harlem Renaissance,Georgia Douglas Johnson,POETRY,"Behold ! the living thrilling lines
That course the blood like madd'ning wines, And leap with scintillating spray
Across the guards of ecstasy.
The flame that lights the lurid spell
Springs from the soul's artesian well, Its fairy filament of art
Entwines the fragments of a heart."
110,Harlem Renaissance,Georgia Douglas Johnson,WHATNEEDHAVEI FORMEMORY?,"What need have I for memory, When not a single flower
Has bloomed within life's desert For me, one little hour.
What need have I for memory Whose burning eyes have met
The corse of unborn happiness Winding the trail regret?"
111,Harlem Renaissance,Georgia Douglas Johnson,A FANTASY,"I breathe the lyric of my love Across the twilit way,
The gentle echoes bear it on Beyond the edge of day:
All vibrant is the melody The silences repeat,
My song is but my longing heart Pulsated with its beat.
It winds amid the dusky ways Where far mysteries shine,
To find amid God's trackless space, One answering song to mine."
112,Harlem Renaissance,Georgia Douglas Johnson,SOUVENIR,"A little hour of sunshine, A little while of joy,
We winnow in our harvesting From all the world's alloy.
None, none, are so benighted, Who journey up life's hill.
But have some treasured memory, Which lives all vibrant still."
113,Harlem Renaissance,Georgia Douglas Johnson,ILLUSIONS,"
Who hath not built his castles in the free and open air?
Who hath not dreamed his rosy dreams, more fair than all the fair?
Who hath not seen his castles fall, all scattered to the ground?
Who bears his dream unshattered, from the dream-land where they're found?"
114,Harlem Renaissance,Georgia Douglas Johnson,    TRANSPOSITIONS,"
Smiles do not always echo cheer, Nor tear-drops measure grief, For sorrow seeks a gilded mask,
And joy in tears, relief."
115,Harlem Renaissance,Georgia Douglas Johnson,THE WILLOW,"When life is young, without a care, Alone we walk, and free
The world, a splendid merry round Of rhythmic melody.
Before the end, grim sorrow calls Into each mortal ear,
When friendship fades to memories. And love lies in its bier.
Then, then it is that sympathy Is holden close and dear;
Ah, then life's consolation comes Commingled with a tear."
116,Harlem Renaissance,Georgia Douglas Johnson,DEVASTATION,"
O love, you have shorn me, and rifled my heart, You have torn down the shrine from the inner-
most part.
And through it now rushes a grief, sadly-wild, That breaks as the plaint of a sorrowing child."
117,Harlem Renaissance,Georgia Douglas Johnson,SPRINGTIDE,"
All deep there stirs the throb of Spring, Its vital pulse rm answering,
Swift to its dominant I merge,
One with its undulating surge;
My heart awakes to virile tone
And breaks — unanswered, and alone."
118,Harlem Renaissance,Georgia Douglas Johnson,GLOAMTIDE,"The shades of the gloaming around me stealing,
The lure of the dusk through the silences call, While blossoming incense comes mutely appeal-
ing.
And choiring wood-voices, vespering, fall.
Immersed in the deep of my dim sylvan-bower. Upborne on the breast of its emerald tide,
I drift with the gleam of the vanishing hour Afar — where my uttermost longings abide."
119,Harlem Renaissance,Georgia Douglas Johnson,PENDULUM,"
I have swung to the uttermost reaches of pain, 'Mid the echo of sighs, and a deluge of rain,
But ah! I rebound to the limits of bliss.
On the rapturous swing of an infinite kiss."
120,Harlem Renaissance,Georgia Douglas Johnson,DELUGE,"A whisper at twilight, a sigh through the night, A strain of soft music, a perfume so light,
Will sweep as a feather the bulwark of years, To surges of rapture, or rivers of tears."
121,Harlem Renaissance,Georgia Douglas Johnson,RETROSPECT,"
Love's kisses spurned so long ago, Dead as the years, that o'er them flow; And now, my gilded treasuries
Would I might give — for memories."
122,Harlem Renaissance,Georgia Douglas Johnson,GLAMOUR,"O come while youth's bright rosy veil Beguiles your eyes and mine,
Let's tread the asphodel of bliss, And drink life's magic wine:
Soon time will rend the gossamer, To wisdom's cruelty,
While we are blind, my love, be kind, For soon, too soon, we see!"
123,Harlem Renaissance,Georgia Douglas Johnson,THE RETURN,"Again we meet — a flashing glance, And then, to scabbard, goes the lance, While thoughts troop on in cavalcade Adown the wide aisles time has made.
Back in the glow of yesterday, With tender troth you rode away. The sheen of rainbows in our eyes, That swept the rim of other skies.
And now a writhing worm am I, Beneath a doomed love's lensing eye, Let me but stagger, far from sight. To hide my anguish, in the night."
124,Harlem Renaissance,Georgia Douglas Johnson,LOVE'S TENDRIL,"Sweeter far than lyric rune
Is my baby's cooing tune; Brighter than the butterflies
Are the gleams within her eyes; Firmer than an iron band
Serves the zephyr of her hand; Deeper than the ocean's roll Sounds her heart-beat in my soul."
125,Harlem Renaissance,Georgia Douglas Johnson,MY LITTLE DREAMS,"
I'm folding up my little dreams Within my heart tonight,
And praying I may soon forget The torture of their sight.
For time's deft fingers scroll my brow With fell relentless art —
I'm folding up my little dreams Tonight, within my heart."