draw,pearson_jz,spearman_jz,pearson_rgb,spearman_rgb
0,0.3671942616857043,0.3463720483752356,0.34621037616536576,0.36336708285315805
1,0.5361968691445251,0.5006581490275867,0.5213215078951143,0.4750128413061422
2,0.45221345171276406,0.4068132897306703,0.45513414738289454,0.3790397123711068
3,0.41910527054815405,0.41573263775804636,0.37766253838255454,0.3555282591107679
4,0.42642722145368633,0.3837164293000977,0.4538481207574772,0.4145884957458519
5,0.5152988427021729,0.5035160752063527,0.4744234227552346,0.4790110943130305
6,0.34480599603678763,0.32405276422857476,0.3814382121544701,0.3535848091051917
7,0.5320348937651915,0.5191772960394858,0.47279958979425124,0.47171074932546114
8,0.4776222837867427,0.4502378368585447,0.4305760185933442,0.4169009396539388
9,0.44710507818945316,0.4176877155561671,0.47076545702988853,0.4566431682966481
10,0.5009050990227744,0.4321687252301368,0.465427075103801,0.40674971603112925
11,0.5163857300658182,0.45718064801870206,0.4705894964997747,0.43888238259314116
12,0.4781653179768418,0.42755895033893004,0.47300095688293786,0.43552173569452374
13,0.4950421169339757,0.47247380741898914,0.589607559138779,0.5481914109819548
14,0.3338058325563219,0.3009120684908993,0.34478573559649106,0.343965326816813
15,0.37387184490187597,0.37286110037272513,0.39824143320561906,0.38790249747030436
16,0.4094311560623896,0.3746662869140013,0.45651186954518463,0.42861505603237365
17,0.40821193339285133,0.3689729847367044,0.380572902597182,0.3856504923696298
18,0.49709177673090343,0.45928908364463755,0.506439704605732,0.45026420643375137
19,0.43639225569009366,0.42658941471707684,0.3672167769458135,0.38605945854623624
20,0.5119910403874441,0.4659151915224641,0.3598481648797746,0.3776999489651313
21,0.5176080186774707,0.4761972977964594,0.5080458533271613,0.4918772671334709
22,0.5098262464176531,0.4790684185241656,0.4848521989783585,0.4517021561883557
23,0.41114059729821306,0.38647906976888424,0.3290348189332001,0.3242681119871474
24,0.383497359201812,0.323452282464707,0.44948748219910695,0.3915110996835403
25,0.4469305397365411,0.39359914901052884,0.42129938449909576,0.39469283713766196
26,0.5158449714360088,0.454074972718677,0.44496367927183067,0.3994975084217352
27,0.4890137915450761,0.4425544554091447,0.49397892476843264,0.44706392482289614
28,0.4581547751704829,0.42479183483588423,0.48852067956184403,0.48340911092251015
29,0.3911278383815116,0.30055070300088127,0.3482004247386707,0.31854557949498546
30,0.5682459515571837,0.511547877736043,0.4952143960741448,0.468648132435946
31,0.48502411561797915,0.4045737568039549,0.4738124738799362,0.4255202423527196
32,0.5645383247090031,0.5288896290538561,0.47093422583838157,0.4530825326936009
33,0.48532849593633665,0.41740675934378707,0.5069916861729401,0.43354130511959266
34,0.37372477896881745,0.35896946129827023,0.4447966090483879,0.4223281783823294
35,0.4072834691859701,0.3684013793345081,0.3927277789546081,0.37384778183670403
36,0.35244611568951734,0.35579620706833354,0.35362892902752247,0.34938999037187873
37,0.4524498740078784,0.42373996451983215,0.40232730681841533,0.3715428447943331
38,0.3934603377752272,0.35472642552898354,0.4063836182737911,0.3557470390215621
39,0.46808641069452483,0.40984485714687685,0.48404148822954385,0.4223472189139119
40,0.5180187678829584,0.47217032070521003,0.492397828230829,0.4803634182683804
41,0.617582328647012,0.5888500891059102,0.5451477838665859,0.5165082785798272
42,0.5488200852758963,0.5077846284232906,0.5241201159908645,0.49064405345311546
43,0.47665028960660166,0.41633644452711827,0.42562918046780257,0.4083053845885579
44,0.5859685562547399,0.4908944734184279,0.5524111055492527,0.45719006059031936
45,0.43231655748480147,0.40128804681418406,0.42875317677423336,0.3825360086122173
46,0.5204704472179089,0.4912622062176998,0.48058849717938973,0.4740589740736982
47,0.45800301713633507,0.42194884595920357,0.450466066406663,0.4258054622893523
48,0.4429656671601424,0.4240922767349658,0.45641048245089644,0.447263299019814
49,0.35130849533234804,0.35619568709554356,0.48473448075806264,0.4201807952880086
50,0.41832453072505754,0.386739662562038,0.30736499893956026,0.32133199232478526
51,0.4622048113708447,0.4250242884251743,0.4695845684592199,0.45286024046326484
52,0.4218814764924532,0.3787253481784806,0.3900444435103017,0.3508238528748608
53,0.4320526333081118,0.40836050416537484,0.4796357571300212,0.4466676823453803
54,0.4715620653311039,0.4144619376704047,0.4657398725470061,0.4258120764322731
55,0.4474218668791074,0.4494749052087465,0.39314612249316533,0.36689160735907955
56,0.40554122232381523,0.3673359908648784,0.3900935878229831,0.36211039282898516
57,0.4660854690791124,0.3977563317654725,0.4897347587204805,0.43154277640304056
58,0.4213576712517645,0.41498688271705986,0.42642455223159204,0.42176108916296834
59,0.4200129162710561,0.39656585195432403,0.42159153274288347,0.38262850401380266
60,0.3862498280208415,0.326405875395141,0.39157566254704734,0.351587633967334
61,0.43944401928562216,0.40911402200237923,0.5007194995517807,0.4839614606681793
62,0.56658288762076,0.5399677151758803,0.5565581591112679,0.5090081048715095
63,0.49743784438701133,0.41974441600025963,0.5286192859139387,0.4383681240023721
64,0.44997104931610515,0.43390542206677335,0.3315579048003338,0.3716238584728055
65,0.529202606572905,0.5044052046698845,0.5047587124872569,0.5106684274913915
66,0.5059049891307108,0.4605590608433453,0.4832240576551559,0.4364578098129846
67,0.4630685237458488,0.4257349541927148,0.5334972216747236,0.4906115583631619
68,0.5028565431956485,0.44643520370202194,0.47942743029466794,0.4501885339544469
69,0.38875453510088276,0.39364001595420134,0.4327127137557041,0.37248119618205866
70,0.5161150309778879,0.4542122211806207,0.5364948649907422,0.4952892379250661
71,0.4821514681296527,0.4448147295331869,0.4788714555361514,0.4586550099904651
72,0.37218075275706364,0.337521912571551,0.39725768619767343,0.368493928523434
73,0.4105608374101593,0.39563278304039307,0.43982165267219,0.41415546909205975
74,0.4699543530132707,0.44567153355641737,0.48187550341060487,0.4754985554244029
75,0.43153016689831514,0.4031590933538309,0.4176248495292452,0.39295731061158407
76,0.460159419061634,0.43262463612805657,0.4652205431724948,0.4328767939510615
77,0.44815429023320186,0.4368550507593546,0.4872708760350018,0.4837791351713788
78,0.3947550428264338,0.3856096741689936,0.4454868563322661,0.42566653798096754
79,0.45770629680923175,0.4111440733349854,0.4513536090200189,0.40548386874681014
80,0.4350868315652459,0.39581963411876736,0.39535592287666455,0.3359179125510273
81,0.46722830993606096,0.3680706746529001,0.4599576038391115,0.370977214226437
82,0.43576853123336723,0.43648946339154354,0.4379194144816348,0.4463731626770482
83,0.4604432386457475,0.4163310576746313,0.344687278136522,0.36865627673818946
84,0.40975698561164464,0.3721713946878958,0.4592278226261659,0.4084466625467899
85,0.41960839760728996,0.3684404491643884,0.4647606121381004,0.4077435650357725
86,0.5025269347759898,0.445865948113349,0.43891038660338877,0.37866004962484545
87,0.3840210040762314,0.34514891310399876,0.3453158865782324,0.30399189345766503
88,0.5296757185558434,0.46497260430951187,0.5044612943456666,0.4557402425595755
89,0.554909619367518,0.4919672565915547,0.4706229365170619,0.45018399989620345
90,0.4995377324078434,0.442334328651827,0.5019192248663292,0.46180333064283463
91,0.48333524749469087,0.4419470373455827,0.4473410703277766,0.43399989532545713
92,0.37965404599263364,0.351358511767434,0.3638808976083312,0.35146444999530263
93,0.4963610517583113,0.45462386690300843,0.45960350942773753,0.41714567085709503
94,0.44040321546808,0.433510160860966,0.48712696401248956,0.4546883237328468
95,0.44443635192033554,0.4202246699964618,0.4950094974908365,0.4569694292419031
96,0.5108962387416218,0.46462017495206864,0.4052652096163104,0.40730693563257775
97,0.4279706721791204,0.39318163518960547,0.3969438968870213,0.3637999323079558
98,0.532658559157251,0.4882967477534541,0.49968329959284424,0.46684111180461685
99,0.4999134575252718,0.44597989278487005,0.5521843051935786,0.4977963154870138
