nrc_color,axis,n,top1_agreement,top3_agreement,mean_our_ratio_for_this_color
red,chromatic,9,0.4444444444444444,0.5555555555555556,0.23025154923027508
orange,chromatic,3,0.0,0.3333333333333333,0.12057754962630914
yellow,chromatic,7,0.14285714285714285,0.7142857142857143,0.19359701239210445
green,chromatic,11,0.18181818181818182,0.6363636363636364,0.24679077638035796
blue,chromatic,15,0.9333333333333333,1.0,0.4639009544986265
purple,chromatic,1,0.0,0.0,0.05987542696403447
pink,chromatic,4,0.0,0.25,0.06267683961524356
black,achromatic,22,0.18181818181818182,,0.2987333405260961
grey,achromatic,15,0.8,,0.5139668874079091
white,achromatic,13,0.23076923076923078,,0.2542423715336075
