page_distance,n_pairs,mean_cosine,median_cosine,std_cosine
1,267,0.9624098386102428,0.9711972230844409,0.030438405157208987
2,237,0.9603783251528096,0.9701674481803175,0.031197640122617054
3,207,0.9588062079139481,0.9713849471301875,0.03781919675520126
4,177,0.9550541223801108,0.964622687025957,0.034254837766381316
5,147,0.9523949341567888,0.9640930996418502,0.04056662633641467
6,117,0.9531155642066101,0.9644132155776121,0.03651048586785208
7,87,0.9489582543265015,0.9642212420958902,0.04249999366299568
8,57,0.9459962771546869,0.960939293541219,0.04554314934836183
9,28,0.9466455751121449,0.9528408763144025,0.03426107722886499
