word,max_page,cos_p1_pN,category
activity,10,0.9328617216920067,A_full_10
aside,10,0.9432902374983156,A_full_10
blog,10,0.9460834531826239,A_full_10
boat,10,0.9876795396915805,A_full_10
boyfriend,10,0.9643369138042713,A_full_10
business,10,0.9482941318466483,A_full_10
character,10,0.9378079011690253,A_full_10
college,10,0.971173468142391,A_full_10
corporation,10,0.9745734658380486,A_full_10
customer,10,0.9101668964400791,A_full_10
daughter,10,0.9894492500233483,A_full_10
device,10,0.9891105998263453,A_full_10
door,10,0.9706427131302877,A_full_10
equivalent,10,0.9245474811699985,A_full_10
escape,10,0.9801950376129426,A_full_10
form,10,0.8933891998335961,A_full_10
government,10,0.9636571486661354,A_full_10
jail,10,0.9375734471071713,A_full_10
morning,10,0.9524769830635607,A_full_10
nothing,9,0.8908422395230148,B_partial
peace,10,0.9042311631257662,A_full_10
position,10,0.8706581105523805,A_full_10
situation,8,0.8847043743456214,B_partial
squad,10,0.9082823674718992,A_full_10
study,10,0.988623661861572,A_full_10
success,10,0.9652725125501294,A_full_10
surprise,10,0.9538068599379724,A_full_10
television,10,0.9687244627157754,A_full_10
vice,10,0.8712295102894406,A_full_10
week,10,0.9585279361557814,A_full_10
