,page_1,page_2,page_3,page_4,page_5,page_6,page_7,page_8,page_9,page_10
page_1,1.0,0.9628084386581254,0.9566285199101064,0.9586402645209579,0.9586862418541938,0.9466892673680002,0.9456668442376196,0.9500506786979288,0.9411459696813614,0.9466455751121449
page_2,0.9628084386581254,1.0,0.9645045920169227,0.9632802505008645,0.9657262849204407,0.9514790762848241,0.9531581044863995,0.9593907152552383,0.9404016233492982,0.951019809894917
page_3,0.9566285199101064,0.9645045920169227,1.0,0.9574489645779598,0.9743112346173411,0.958660132226466,0.9565143848620374,0.9611453219049483,0.949489785872004,0.9566500245835049
page_4,0.9586402645209579,0.9632802505008645,0.9574489645779598,1.0,0.9588407697814446,0.9471095980408809,0.9512642429089502,0.9597356018127507,0.9471750421531696,0.9581282298964109
page_5,0.9586862418541938,0.9657262849204407,0.9743112346173411,0.9588407697814446,1.0,0.9674716888188988,0.9619807385356174,0.9653686542479402,0.9492072792955208,0.9537213673509142
page_6,0.9466892673680002,0.9514790762848241,0.958660132226466,0.9471095980408809,0.9674716888188988,1.0,0.9604097549294567,0.9642733265468115,0.9553591019959633,0.954468193474833
page_7,0.9456668442376196,0.9531581044863995,0.9565143848620374,0.9512642429089502,0.9619807385356174,0.9604097549294567,1.0,0.9658549943184987,0.9494587851332248,0.9563458469843474
page_8,0.9500506786979288,0.9593907152552383,0.9611453219049483,0.9597356018127507,0.9653686542479402,0.9642733265468115,0.9658549943184987,1.0,0.9621409140947361,0.9659945802787043
page_9,0.9411459696813614,0.9404016233492982,0.949489785872004,0.9471750421531696,0.9492072792955208,0.9553591019959633,0.9494587851332248,0.9621409140947361,1.0,0.9621844395410087
page_10,0.9466455751121449,0.951019809894917,0.9566500245835049,0.9581282298964109,0.9537213673509142,0.954468193474833,0.9563458469843474,0.9659945802787043,0.9621844395410087,1.0
