word,max_page,hit_bottom,single_page
activity,10,0,0
aside,10,0,0
blog,10,0,0
boat,10,0,0
boyfriend,10,0,0
business,10,0,0
character,10,0,0
college,10,0,0
corporation,10,0,0
customer,10,0,0
daughter,10,0,0
device,10,0,0
door,10,0,0
equivalent,10,0,0
escape,10,0,0
form,10,0,0
government,10,0,0
jail,10,0,0
morning,10,0,0
nothing,9,1,0
peace,10,0,0
position,10,0,0
situation,8,1,0
squad,10,0,0
study,10,0,0
success,10,0,0
surprise,10,0,0
television,10,0,0
vice,10,0,0
week,10,0,0
