color,observed_delta,null_mean,null_std,z_score (Δ / null_SD),percentile_one_sided,p_two_sided
red,-0.00381929420290307,-8.29463320491042e-06,0.0019398470945728523,-1.968863532382724,2.62,0.0492
orange,0.00017199318672567188,1.4262102535184013e-05,0.002301142810489509,0.07474250878374852,52.629999999999995,0.9416
yellow,0.0115122879221492,2.485787306025083e-05,0.0023454568285184683,4.908335033998922,100.0,0.0
green,0.009475873246271527,3.3859137604929727e-06,0.002635480551698156,3.595501108959353,99.97,0.0008
blue,-0.013063337660232821,-1.7251657063600016e-05,0.003758145856284826,-3.476006030576681,0.03,0.0005
purple,-0.002730087968756227,-3.6920476815950377e-06,0.0011798581232313728,-2.31391208400474,0.96,0.0194
pink,-0.001547434523252067,-1.3267551404880696e-05,0.0008127247059035984,-1.9040082232169973,3.09,0.0562
black,-0.024819581541836555,-9.270923690625634e-06,0.0024707048032696307,-10.04554712849197,0.0,0.0
grey,0.005625298864273098,-2.4341235323470033e-05,0.002150366478631207,2.6159721704059593,99.55000000000001,0.0096
white,0.019194282677562402,3.3612159014550675e-05,0.0030978034738697218,6.196094374439203,100.0,0.0
