query,reason
expression,no_image
expression reflexion,no_image
expression saying,no_image
expression formulation,no_image
union,no_image
union labor,no_image
union North,no_image
union mating,no_image
union unification,no_image
union wedlock,no_image
union conglutination,no_image
union sum,no_image
union uniting,no_image
center centre,no_image
center snapper,no_image
interference intervention,no_image
ruth pity,no_image
ruth Book of,no_image
treatment,no_image
treatment discourse,no_image
fallout side effect,no_image
belt swath,no_image
belt ammunition,no_image
society,no_image
society club,no_image
society company,no_image
society high,no_image
operations surgery,no_image
operations process,no_image
boss,no_image
boss hirer,no_image
walk walking,no_image
walk pass,no_image
walk manner of walking,no_image
mechanism,no_image
mechanism mechanics,no_image
vehicles,no_image
vehicles vehicle,no_image
vehicles fomite,no_image
manufacturers,no_image
manufacturers maker,no_image
hope,no_image
hope promise,no_image
hope Bob,no_image
kansas KS,no_image
kansas Kansa,no_image
kansas River,no_image
harris Joel,no_image
harris Zellig,no_image
harris Townsend,no_image
harris Frank,no_image
harris Bomber,no_image
considerations,no_image
considerations consideration,no_image
considerations retainer,no_image
wash washing,no_image
wash dry,no_image
wash washout,no_image
wash race,no_image
wash drawing,no_image
wash laundry,no_image
facilities facility,no_image
facilities deftness,no_image
town,no_image
town township,no_image
branch arm,no_image
origin inception,no_image
origin line,no_image
foot,no_image
foot ft,no_image
foot animal,no_image
foot metrical,no_image
violence force,no_image
violence fury,no_image
construction building,no_image
construction expression,no_image
construction mental synthesis,no_image
construction structure,no_image
path,no_image
path route,no_image
journal,no_image
journal diary,no_image
effects personal,no_image
effects event,no_image
effects effect,no_image
effects core,no_image
accordance,no_image
accordance accord,no_image
accordance of rights,no_image
character,no_image
character fictional,no_image
character quality,no_image
character fiber,no_image
character part,no_image
character case,no_image
character reference,no_image
character grapheme,no_image
tom,no_image
tom turkey,no_image
concerns,no_image
concerns concern,no_image
concerns care,no_image
concerns worry,no_image
martin,no_image
martin St.,no_image
martin Steve,no_image
martin Mary,no_image
martin Dean,no_image
arthur President,no_image
block city,no_image
block mental,no_image
block pulley,no_image
block engine,no_image
block stop,no_image
block blocking,no_image
climate clime,no_image
expression,"ConnectionError(MaxRetryError('HTTPSConnectionPool(host=\'www.bing.com\', port=443): Max retries exceeded with url: /images/search?q=expression&count=100 (Caused by NameResolutionError(""HTTPSConnection(host=\'www.bing.com\', port=443): Failed to resolve \'www.bing.com\' ([Errno 8] nodename nor servname provided, or not known)""))'))"
expression reflexion,"ConnectionError(MaxRetryError('HTTPSConnectionPool(host=\'www.bing.com\', port=443): Max retries exceeded with url: /images/search?q=expression%20reflexion&count=100 (Caused by NameResolutionError(""HTTPSConnection(host=\'www.bing.com\', port=443): Failed to resolve \'www.bing.com\' ([Errno 8] nodename nor servname provided, or not known)""))'))"
expression saying,"ConnectionError(MaxRetryError('HTTPSConnectionPool(host=\'www.bing.com\', port=443): Max retries exceeded with url: /images/search?q=expression%20saying&count=100 (Caused by NameResolutionError(""HTTPSConnection(host=\'www.bing.com\', port=443): Failed to resolve \'www.bing.com\' ([Errno 8] nodename nor servname provided, or not known)""))'))"
expression formulation,"ConnectionError(MaxRetryError('HTTPSConnectionPool(host=\'www.bing.com\', port=443): Max retries exceeded with url: /images/search?q=expression%20formulation&count=100 (Caused by NameResolutionError(""HTTPSConnection(host=\'www.bing.com\', port=443): Failed to resolve \'www.bing.com\' ([Errno 8] nodename nor servname provided, or not known)""))'))"
union,"ConnectionError(MaxRetryError('HTTPSConnectionPool(host=\'www.bing.com\', port=443): Max retries exceeded with url: /images/search?q=union&count=100 (Caused by NameResolutionError(""HTTPSConnection(host=\'www.bing.com\', port=443): Failed to resolve \'www.bing.com\' ([Errno 8] nodename nor servname provided, or not known)""))'))"
union labor,"ConnectionError(MaxRetryError('HTTPSConnectionPool(host=\'www.bing.com\', port=443): Max retries exceeded with url: /images/search?q=union%20labor&count=100 (Caused by NameResolutionError(""HTTPSConnection(host=\'www.bing.com\', port=443): Failed to resolve \'www.bing.com\' ([Errno 8] nodename nor servname provided, or not known)""))'))"
union North,"ConnectionError(MaxRetryError('HTTPSConnectionPool(host=\'www.bing.com\', port=443): Max retries exceeded with url: /images/search?q=union%20North&count=100 (Caused by NameResolutionError(""HTTPSConnection(host=\'www.bing.com\', port=443): Failed to resolve \'www.bing.com\' ([Errno 8] nodename nor servname provided, or not known)""))'))"
union mating,"ConnectionError(MaxRetryError('HTTPSConnectionPool(host=\'www.bing.com\', port=443): Max retries exceeded with url: /images/search?q=union%20mating&count=100 (Caused by NameResolutionError(""HTTPSConnection(host=\'www.bing.com\', port=443): Failed to resolve \'www.bing.com\' ([Errno 8] nodename nor servname provided, or not known)""))'))"
union unification,"ConnectionError(MaxRetryError('HTTPSConnectionPool(host=\'www.bing.com\', port=443): Max retries exceeded with url: /images/search?q=union%20unification&count=100 (Caused by NameResolutionError(""HTTPSConnection(host=\'www.bing.com\', port=443): Failed to resolve \'www.bing.com\' ([Errno 8] nodename nor servname provided, or not known)""))'))"
union wedlock,"ConnectionError(MaxRetryError('HTTPSConnectionPool(host=\'www.bing.com\', port=443): Max retries exceeded with url: /images/search?q=union%20wedlock&count=100 (Caused by NameResolutionError(""HTTPSConnection(host=\'www.bing.com\', port=443): Failed to resolve \'www.bing.com\' ([Errno 8] nodename nor servname provided, or not known)""))'))"
union conglutination,"ConnectionError(MaxRetryError('HTTPSConnectionPool(host=\'www.bing.com\', port=443): Max retries exceeded with url: /images/search?q=union%20conglutination&count=100 (Caused by NameResolutionError(""HTTPSConnection(host=\'www.bing.com\', port=443): Failed to resolve \'www.bing.com\' ([Errno 8] nodename nor servname provided, or not known)""))'))"
union sum,"ConnectionError(MaxRetryError('HTTPSConnectionPool(host=\'www.bing.com\', port=443): Max retries exceeded with url: /images/search?q=union%20sum&count=100 (Caused by NameResolutionError(""HTTPSConnection(host=\'www.bing.com\', port=443): Failed to resolve \'www.bing.com\' ([Errno 8] nodename nor servname provided, or not known)""))'))"
union uniting,"ConnectionError(MaxRetryError('HTTPSConnectionPool(host=\'www.bing.com\', port=443): Max retries exceeded with url: /images/search?q=union%20uniting&count=100 (Caused by NameResolutionError(""HTTPSConnection(host=\'www.bing.com\', port=443): Failed to resolve \'www.bing.com\' ([Errno 8] nodename nor servname provided, or not known)""))'))"
center centre,"ConnectionError(MaxRetryError('HTTPSConnectionPool(host=\'www.bing.com\', port=443): Max retries exceeded with url: /images/search?q=center%20centre&count=100 (Caused by NameResolutionError(""HTTPSConnection(host=\'www.bing.com\', port=443): Failed to resolve \'www.bing.com\' ([Errno 8] nodename nor servname provided, or not known)""))'))"
center snapper,"ConnectionError(MaxRetryError('HTTPSConnectionPool(host=\'www.bing.com\', port=443): Max retries exceeded with url: /images/search?q=center%20snapper&count=100 (Caused by NameResolutionError(""HTTPSConnection(host=\'www.bing.com\', port=443): Failed to resolve \'www.bing.com\' ([Errno 8] nodename nor servname provided, or not known)""))'))"
interference intervention,"ConnectionError(MaxRetryError('HTTPSConnectionPool(host=\'www.bing.com\', port=443): Max retries exceeded with url: /images/search?q=interference%20intervention&count=100 (Caused by NameResolutionError(""HTTPSConnection(host=\'www.bing.com\', port=443): Failed to resolve \'www.bing.com\' ([Errno 8] nodename nor servname provided, or not known)""))'))"
ruth pity,"ConnectionError(MaxRetryError('HTTPSConnectionPool(host=\'www.bing.com\', port=443): Max retries exceeded with url: /images/search?q=ruth%20pity&count=100 (Caused by NameResolutionError(""HTTPSConnection(host=\'www.bing.com\', port=443): Failed to resolve \'www.bing.com\' ([Errno 8] nodename nor servname provided, or not known)""))'))"
ruth Book of,"ConnectionError(MaxRetryError('HTTPSConnectionPool(host=\'www.bing.com\', port=443): Max retries exceeded with url: /images/search?q=ruth%20Book%20of&count=100 (Caused by NameResolutionError(""HTTPSConnection(host=\'www.bing.com\', port=443): Failed to resolve \'www.bing.com\' ([Errno 8] nodename nor servname provided, or not known)""))'))"
treatment,"ConnectionError(MaxRetryError('HTTPSConnectionPool(host=\'www.bing.com\', port=443): Max retries exceeded with url: /images/search?q=treatment&count=100 (Caused by NameResolutionError(""HTTPSConnection(host=\'www.bing.com\', port=443): Failed to resolve \'www.bing.com\' ([Errno 8] nodename nor servname provided, or not known)""))'))"
treatment discourse,"ConnectionError(MaxRetryError('HTTPSConnectionPool(host=\'www.bing.com\', port=443): Max retries exceeded with url: /images/search?q=treatment%20discourse&count=100 (Caused by NameResolutionError(""HTTPSConnection(host=\'www.bing.com\', port=443): Failed to resolve \'www.bing.com\' ([Errno 8] nodename nor servname provided, or not known)""))'))"
fallout side effect,"ConnectionError(MaxRetryError('HTTPSConnectionPool(host=\'www.bing.com\', port=443): Max retries exceeded with url: /images/search?q=fallout%20side%20effect&count=100 (Caused by NameResolutionError(""HTTPSConnection(host=\'www.bing.com\', port=443): Failed to resolve \'www.bing.com\' ([Errno 8] nodename nor servname provided, or not known)""))'))"
belt swath,"ConnectionError(MaxRetryError('HTTPSConnectionPool(host=\'www.bing.com\', port=443): Max retries exceeded with url: /images/search?q=belt%20swath&count=100 (Caused by NameResolutionError(""HTTPSConnection(host=\'www.bing.com\', port=443): Failed to resolve \'www.bing.com\' ([Errno 8] nodename nor servname provided, or not known)""))'))"
belt ammunition,"ConnectionError(MaxRetryError('HTTPSConnectionPool(host=\'www.bing.com\', port=443): Max retries exceeded with url: /images/search?q=belt%20ammunition&count=100 (Caused by NameResolutionError(""HTTPSConnection(host=\'www.bing.com\', port=443): Failed to resolve \'www.bing.com\' ([Errno 8] nodename nor servname provided, or not known)""))'))"
society,"ConnectionError(MaxRetryError('HTTPSConnectionPool(host=\'www.bing.com\', port=443): Max retries exceeded with url: /images/search?q=society&count=100 (Caused by NameResolutionError(""HTTPSConnection(host=\'www.bing.com\', port=443): Failed to resolve \'www.bing.com\' ([Errno 8] nodename nor servname provided, or not known)""))'))"
society club,"ConnectionError(MaxRetryError('HTTPSConnectionPool(host=\'www.bing.com\', port=443): Max retries exceeded with url: /images/search?q=society%20club&count=100 (Caused by NameResolutionError(""HTTPSConnection(host=\'www.bing.com\', port=443): Failed to resolve \'www.bing.com\' ([Errno 8] nodename nor servname provided, or not known)""))'))"
society company,"ConnectionError(MaxRetryError('HTTPSConnectionPool(host=\'www.bing.com\', port=443): Max retries exceeded with url: /images/search?q=society%20company&count=100 (Caused by NameResolutionError(""HTTPSConnection(host=\'www.bing.com\', port=443): Failed to resolve \'www.bing.com\' ([Errno 8] nodename nor servname provided, or not known)""))'))"
society high,"ConnectionError(MaxRetryError('HTTPSConnectionPool(host=\'www.bing.com\', port=443): Max retries exceeded with url: /images/search?q=society%20high&count=100 (Caused by NameResolutionError(""HTTPSConnection(host=\'www.bing.com\', port=443): Failed to resolve \'www.bing.com\' ([Errno 8] nodename nor servname provided, or not known)""))'))"
operations surgery,"ConnectionError(MaxRetryError('HTTPSConnectionPool(host=\'www.bing.com\', port=443): Max retries exceeded with url: /images/search?q=operations%20surgery&count=100 (Caused by NameResolutionError(""HTTPSConnection(host=\'www.bing.com\', port=443): Failed to resolve \'www.bing.com\' ([Errno 8] nodename nor servname provided, or not known)""))'))"
operations process,"ConnectionError(MaxRetryError('HTTPSConnectionPool(host=\'www.bing.com\', port=443): Max retries exceeded with url: /images/search?q=operations%20process&count=100 (Caused by NameResolutionError(""HTTPSConnection(host=\'www.bing.com\', port=443): Failed to resolve \'www.bing.com\' ([Errno 8] nodename nor servname provided, or not known)""))'))"
boss,"ConnectionError(MaxRetryError('HTTPSConnectionPool(host=\'www.bing.com\', port=443): Max retries exceeded with url: /images/search?q=boss&count=100 (Caused by NameResolutionError(""HTTPSConnection(host=\'www.bing.com\', port=443): Failed to resolve \'www.bing.com\' ([Errno 8] nodename nor servname provided, or not known)""))'))"
boss hirer,"ConnectionError(MaxRetryError('HTTPSConnectionPool(host=\'www.bing.com\', port=443): Max retries exceeded with url: /images/search?q=boss%20hirer&count=100 (Caused by NameResolutionError(""HTTPSConnection(host=\'www.bing.com\', port=443): Failed to resolve \'www.bing.com\' ([Errno 8] nodename nor servname provided, or not known)""))'))"
walk walking,"ConnectionError(MaxRetryError('HTTPSConnectionPool(host=\'www.bing.com\', port=443): Max retries exceeded with url: /images/search?q=walk%20walking&count=100 (Caused by NameResolutionError(""HTTPSConnection(host=\'www.bing.com\', port=443): Failed to resolve \'www.bing.com\' ([Errno 8] nodename nor servname provided, or not known)""))'))"
walk pass,"ConnectionError(MaxRetryError('HTTPSConnectionPool(host=\'www.bing.com\', port=443): Max retries exceeded with url: /images/search?q=walk%20pass&count=100 (Caused by NameResolutionError(""HTTPSConnection(host=\'www.bing.com\', port=443): Failed to resolve \'www.bing.com\' ([Errno 8] nodename nor servname provided, or not known)""))'))"
walk manner of walking,"ConnectionError(MaxRetryError('HTTPSConnectionPool(host=\'www.bing.com\', port=443): Max retries exceeded with url: /images/search?q=walk%20manner%20of%20walking&count=100 (Caused by NameResolutionError(""HTTPSConnection(host=\'www.bing.com\', port=443): Failed to resolve \'www.bing.com\' ([Errno 8] nodename nor servname provided, or not known)""))'))"
mechanism,"ConnectionError(MaxRetryError('HTTPSConnectionPool(host=\'www.bing.com\', port=443): Max retries exceeded with url: /images/search?q=mechanism&count=100 (Caused by NameResolutionError(""HTTPSConnection(host=\'www.bing.com\', port=443): Failed to resolve \'www.bing.com\' ([Errno 8] nodename nor servname provided, or not known)""))'))"
mechanism mechanics,"ConnectionError(MaxRetryError('HTTPSConnectionPool(host=\'www.bing.com\', port=443): Max retries exceeded with url: /images/search?q=mechanism%20mechanics&count=100 (Caused by NameResolutionError(""HTTPSConnection(host=\'www.bing.com\', port=443): Failed to resolve \'www.bing.com\' ([Errno 8] nodename nor servname provided, or not known)""))'))"
vehicles,"ConnectionError(MaxRetryError('HTTPSConnectionPool(host=\'www.bing.com\', port=443): Max retries exceeded with url: /images/search?q=vehicles&count=100 (Caused by NameResolutionError(""HTTPSConnection(host=\'www.bing.com\', port=443): Failed to resolve \'www.bing.com\' ([Errno 8] nodename nor servname provided, or not known)""))'))"
vehicles vehicle,"ConnectionError(MaxRetryError('HTTPSConnectionPool(host=\'www.bing.com\', port=443): Max retries exceeded with url: /images/search?q=vehicles%20vehicle&count=100 (Caused by NameResolutionError(""HTTPSConnection(host=\'www.bing.com\', port=443): Failed to resolve \'www.bing.com\' ([Errno 8] nodename nor servname provided, or not known)""))'))"
vehicles fomite,"ConnectionError(MaxRetryError('HTTPSConnectionPool(host=\'www.bing.com\', port=443): Max retries exceeded with url: /images/search?q=vehicles%20fomite&count=100 (Caused by NameResolutionError(""HTTPSConnection(host=\'www.bing.com\', port=443): Failed to resolve \'www.bing.com\' ([Errno 8] nodename nor servname provided, or not known)""))'))"
manufacturers,"ConnectionError(MaxRetryError('HTTPSConnectionPool(host=\'www.bing.com\', port=443): Max retries exceeded with url: /images/search?q=manufacturers&count=100 (Caused by NameResolutionError(""HTTPSConnection(host=\'www.bing.com\', port=443): Failed to resolve \'www.bing.com\' ([Errno 8] nodename nor servname provided, or not known)""))'))"
manufacturers maker,"ConnectionError(MaxRetryError('HTTPSConnectionPool(host=\'www.bing.com\', port=443): Max retries exceeded with url: /images/search?q=manufacturers%20maker&count=100 (Caused by NameResolutionError(""HTTPSConnection(host=\'www.bing.com\', port=443): Failed to resolve \'www.bing.com\' ([Errno 8] nodename nor servname provided, or not known)""))'))"
hope,"ConnectionError(MaxRetryError('HTTPSConnectionPool(host=\'www.bing.com\', port=443): Max retries exceeded with url: /images/search?q=hope&count=100 (Caused by NameResolutionError(""HTTPSConnection(host=\'www.bing.com\', port=443): Failed to resolve \'www.bing.com\' ([Errno 8] nodename nor servname provided, or not known)""))'))"
hope promise,"ConnectionError(MaxRetryError('HTTPSConnectionPool(host=\'www.bing.com\', port=443): Max retries exceeded with url: /images/search?q=hope%20promise&count=100 (Caused by NameResolutionError(""HTTPSConnection(host=\'www.bing.com\', port=443): Failed to resolve \'www.bing.com\' ([Errno 8] nodename nor servname provided, or not known)""))'))"
hope Bob,"ConnectionError(MaxRetryError('HTTPSConnectionPool(host=\'www.bing.com\', port=443): Max retries exceeded with url: /images/search?q=hope%20Bob&count=100 (Caused by NameResolutionError(""HTTPSConnection(host=\'www.bing.com\', port=443): Failed to resolve \'www.bing.com\' ([Errno 8] nodename nor servname provided, or not known)""))'))"
kansas KS,"ConnectionError(MaxRetryError('HTTPSConnectionPool(host=\'www.bing.com\', port=443): Max retries exceeded with url: /images/search?q=kansas%20KS&count=100 (Caused by NameResolutionError(""HTTPSConnection(host=\'www.bing.com\', port=443): Failed to resolve \'www.bing.com\' ([Errno 8] nodename nor servname provided, or not known)""))'))"
kansas Kansa,"ConnectionError(MaxRetryError('HTTPSConnectionPool(host=\'www.bing.com\', port=443): Max retries exceeded with url: /images/search?q=kansas%20Kansa&count=100 (Caused by NameResolutionError(""HTTPSConnection(host=\'www.bing.com\', port=443): Failed to resolve \'www.bing.com\' ([Errno 8] nodename nor servname provided, or not known)""))'))"
kansas River,"ConnectionError(MaxRetryError('HTTPSConnectionPool(host=\'www.bing.com\', port=443): Max retries exceeded with url: /images/search?q=kansas%20River&count=100 (Caused by NameResolutionError(""HTTPSConnection(host=\'www.bing.com\', port=443): Failed to resolve \'www.bing.com\' ([Errno 8] nodename nor servname provided, or not known)""))'))"
harris Joel,"ConnectionError(MaxRetryError('HTTPSConnectionPool(host=\'www.bing.com\', port=443): Max retries exceeded with url: /images/search?q=harris%20Joel&count=100 (Caused by NameResolutionError(""HTTPSConnection(host=\'www.bing.com\', port=443): Failed to resolve \'www.bing.com\' ([Errno 8] nodename nor servname provided, or not known)""))'))"
harris Zellig,"ConnectionError(MaxRetryError('HTTPSConnectionPool(host=\'www.bing.com\', port=443): Max retries exceeded with url: /images/search?q=harris%20Zellig&count=100 (Caused by NameResolutionError(""HTTPSConnection(host=\'www.bing.com\', port=443): Failed to resolve \'www.bing.com\' ([Errno 8] nodename nor servname provided, or not known)""))'))"
harris Townsend,"ConnectionError(MaxRetryError('HTTPSConnectionPool(host=\'www.bing.com\', port=443): Max retries exceeded with url: /images/search?q=harris%20Townsend&count=100 (Caused by NameResolutionError(""HTTPSConnection(host=\'www.bing.com\', port=443): Failed to resolve \'www.bing.com\' ([Errno 8] nodename nor servname provided, or not known)""))'))"
harris Frank,"ConnectionError(MaxRetryError('HTTPSConnectionPool(host=\'www.bing.com\', port=443): Max retries exceeded with url: /images/search?q=harris%20Frank&count=100 (Caused by NameResolutionError(""HTTPSConnection(host=\'www.bing.com\', port=443): Failed to resolve \'www.bing.com\' ([Errno 8] nodename nor servname provided, or not known)""))'))"
harris Bomber,"ConnectionError(MaxRetryError('HTTPSConnectionPool(host=\'www.bing.com\', port=443): Max retries exceeded with url: /images/search?q=harris%20Bomber&count=100 (Caused by NameResolutionError(""HTTPSConnection(host=\'www.bing.com\', port=443): Failed to resolve \'www.bing.com\' ([Errno 8] nodename nor servname provided, or not known)""))'))"
considerations,"ConnectionError(MaxRetryError('HTTPSConnectionPool(host=\'www.bing.com\', port=443): Max retries exceeded with url: /images/search?q=considerations&count=100 (Caused by NameResolutionError(""HTTPSConnection(host=\'www.bing.com\', port=443): Failed to resolve \'www.bing.com\' ([Errno 8] nodename nor servname provided, or not known)""))'))"
considerations consideration,"ConnectionError(MaxRetryError('HTTPSConnectionPool(host=\'www.bing.com\', port=443): Max retries exceeded with url: /images/search?q=considerations%20consideration&count=100 (Caused by NameResolutionError(""HTTPSConnection(host=\'www.bing.com\', port=443): Failed to resolve \'www.bing.com\' ([Errno 8] nodename nor servname provided, or not known)""))'))"
considerations retainer,"ConnectionError(MaxRetryError('HTTPSConnectionPool(host=\'www.bing.com\', port=443): Max retries exceeded with url: /images/search?q=considerations%20retainer&count=100 (Caused by NameResolutionError(""HTTPSConnection(host=\'www.bing.com\', port=443): Failed to resolve \'www.bing.com\' ([Errno 8] nodename nor servname provided, or not known)""))'))"
wash washing,"ConnectionError(MaxRetryError('HTTPSConnectionPool(host=\'www.bing.com\', port=443): Max retries exceeded with url: /images/search?q=wash%20washing&count=100 (Caused by NameResolutionError(""HTTPSConnection(host=\'www.bing.com\', port=443): Failed to resolve \'www.bing.com\' ([Errno 8] nodename nor servname provided, or not known)""))'))"
wash dry,"ConnectionError(MaxRetryError('HTTPSConnectionPool(host=\'www.bing.com\', port=443): Max retries exceeded with url: /images/search?q=wash%20dry&count=100 (Caused by NameResolutionError(""HTTPSConnection(host=\'www.bing.com\', port=443): Failed to resolve \'www.bing.com\' ([Errno 8] nodename nor servname provided, or not known)""))'))"
wash washout,"ConnectionError(MaxRetryError('HTTPSConnectionPool(host=\'www.bing.com\', port=443): Max retries exceeded with url: /images/search?q=wash%20washout&count=100 (Caused by NameResolutionError(""HTTPSConnection(host=\'www.bing.com\', port=443): Failed to resolve \'www.bing.com\' ([Errno 8] nodename nor servname provided, or not known)""))'))"
wash race,"ConnectionError(MaxRetryError('HTTPSConnectionPool(host=\'www.bing.com\', port=443): Max retries exceeded with url: /images/search?q=wash%20race&count=100 (Caused by NameResolutionError(""HTTPSConnection(host=\'www.bing.com\', port=443): Failed to resolve \'www.bing.com\' ([Errno 8] nodename nor servname provided, or not known)""))'))"
wash drawing,"ConnectionError(MaxRetryError('HTTPSConnectionPool(host=\'www.bing.com\', port=443): Max retries exceeded with url: /images/search?q=wash%20drawing&count=100 (Caused by NameResolutionError(""HTTPSConnection(host=\'www.bing.com\', port=443): Failed to resolve \'www.bing.com\' ([Errno 8] nodename nor servname provided, or not known)""))'))"
wash laundry,"ConnectionError(MaxRetryError('HTTPSConnectionPool(host=\'www.bing.com\', port=443): Max retries exceeded with url: /images/search?q=wash%20laundry&count=100 (Caused by NameResolutionError(""HTTPSConnection(host=\'www.bing.com\', port=443): Failed to resolve \'www.bing.com\' ([Errno 8] nodename nor servname provided, or not known)""))'))"
facilities facility,"ConnectionError(MaxRetryError('HTTPSConnectionPool(host=\'www.bing.com\', port=443): Max retries exceeded with url: /images/search?q=facilities%20facility&count=100 (Caused by NameResolutionError(""HTTPSConnection(host=\'www.bing.com\', port=443): Failed to resolve \'www.bing.com\' ([Errno 8] nodename nor servname provided, or not known)""))'))"
facilities deftness,"ConnectionError(MaxRetryError('HTTPSConnectionPool(host=\'www.bing.com\', port=443): Max retries exceeded with url: /images/search?q=facilities%20deftness&count=100 (Caused by NameResolutionError(""HTTPSConnection(host=\'www.bing.com\', port=443): Failed to resolve \'www.bing.com\' ([Errno 8] nodename nor servname provided, or not known)""))'))"
town,"ConnectionError(MaxRetryError('HTTPSConnectionPool(host=\'www.bing.com\', port=443): Max retries exceeded with url: /images/search?q=town&count=100 (Caused by NameResolutionError(""HTTPSConnection(host=\'www.bing.com\', port=443): Failed to resolve \'www.bing.com\' ([Errno 8] nodename nor servname provided, or not known)""))'))"
town township,"ConnectionError(MaxRetryError('HTTPSConnectionPool(host=\'www.bing.com\', port=443): Max retries exceeded with url: /images/search?q=town%20township&count=100 (Caused by NameResolutionError(""HTTPSConnection(host=\'www.bing.com\', port=443): Failed to resolve \'www.bing.com\' ([Errno 8] nodename nor servname provided, or not known)""))'))"
branch arm,"ConnectionError(MaxRetryError('HTTPSConnectionPool(host=\'www.bing.com\', port=443): Max retries exceeded with url: /images/search?q=branch%20arm&count=100 (Caused by NameResolutionError(""HTTPSConnection(host=\'www.bing.com\', port=443): Failed to resolve \'www.bing.com\' ([Errno 8] nodename nor servname provided, or not known)""))'))"
origin inception,"ConnectionError(MaxRetryError('HTTPSConnectionPool(host=\'www.bing.com\', port=443): Max retries exceeded with url: /images/search?q=origin%20inception&count=100 (Caused by NameResolutionError(""HTTPSConnection(host=\'www.bing.com\', port=443): Failed to resolve \'www.bing.com\' ([Errno 8] nodename nor servname provided, or not known)""))'))"
origin line,"ConnectionError(MaxRetryError('HTTPSConnectionPool(host=\'www.bing.com\', port=443): Max retries exceeded with url: /images/search?q=origin%20line&count=100 (Caused by NameResolutionError(""HTTPSConnection(host=\'www.bing.com\', port=443): Failed to resolve \'www.bing.com\' ([Errno 8] nodename nor servname provided, or not known)""))'))"
foot,"ConnectionError(MaxRetryError('HTTPSConnectionPool(host=\'www.bing.com\', port=443): Max retries exceeded with url: /images/search?q=foot&count=100 (Caused by NameResolutionError(""HTTPSConnection(host=\'www.bing.com\', port=443): Failed to resolve \'www.bing.com\' ([Errno 8] nodename nor servname provided, or not known)""))'))"
foot ft,"ConnectionError(MaxRetryError('HTTPSConnectionPool(host=\'www.bing.com\', port=443): Max retries exceeded with url: /images/search?q=foot%20ft&count=100 (Caused by NameResolutionError(""HTTPSConnection(host=\'www.bing.com\', port=443): Failed to resolve \'www.bing.com\' ([Errno 8] nodename nor servname provided, or not known)""))'))"
foot animal,"ConnectionError(MaxRetryError('HTTPSConnectionPool(host=\'www.bing.com\', port=443): Max retries exceeded with url: /images/search?q=foot%20animal&count=100 (Caused by NameResolutionError(""HTTPSConnection(host=\'www.bing.com\', port=443): Failed to resolve \'www.bing.com\' ([Errno 8] nodename nor servname provided, or not known)""))'))"
foot metrical,"ConnectionError(MaxRetryError('HTTPSConnectionPool(host=\'www.bing.com\', port=443): Max retries exceeded with url: /images/search?q=foot%20metrical&count=100 (Caused by NameResolutionError(""HTTPSConnection(host=\'www.bing.com\', port=443): Failed to resolve \'www.bing.com\' ([Errno 8] nodename nor servname provided, or not known)""))'))"
violence force,"ConnectionError(MaxRetryError('HTTPSConnectionPool(host=\'www.bing.com\', port=443): Max retries exceeded with url: /images/search?q=violence%20force&count=100 (Caused by NameResolutionError(""HTTPSConnection(host=\'www.bing.com\', port=443): Failed to resolve \'www.bing.com\' ([Errno 8] nodename nor servname provided, or not known)""))'))"
violence fury,"ConnectionError(MaxRetryError('HTTPSConnectionPool(host=\'www.bing.com\', port=443): Max retries exceeded with url: /images/search?q=violence%20fury&count=100 (Caused by NameResolutionError(""HTTPSConnection(host=\'www.bing.com\', port=443): Failed to resolve \'www.bing.com\' ([Errno 8] nodename nor servname provided, or not known)""))'))"
construction building,"ConnectionError(MaxRetryError('HTTPSConnectionPool(host=\'www.bing.com\', port=443): Max retries exceeded with url: /images/search?q=construction%20building&count=100 (Caused by NameResolutionError(""HTTPSConnection(host=\'www.bing.com\', port=443): Failed to resolve \'www.bing.com\' ([Errno 8] nodename nor servname provided, or not known)""))'))"
construction expression,"ConnectionError(MaxRetryError('HTTPSConnectionPool(host=\'www.bing.com\', port=443): Max retries exceeded with url: /images/search?q=construction%20expression&count=100 (Caused by NameResolutionError(""HTTPSConnection(host=\'www.bing.com\', port=443): Failed to resolve \'www.bing.com\' ([Errno 8] nodename nor servname provided, or not known)""))'))"
construction mental synthesis,"ConnectionError(MaxRetryError('HTTPSConnectionPool(host=\'www.bing.com\', port=443): Max retries exceeded with url: /images/search?q=construction%20mental%20synthesis&count=100 (Caused by NameResolutionError(""HTTPSConnection(host=\'www.bing.com\', port=443): Failed to resolve \'www.bing.com\' ([Errno 8] nodename nor servname provided, or not known)""))'))"
construction structure,"ConnectionError(MaxRetryError('HTTPSConnectionPool(host=\'www.bing.com\', port=443): Max retries exceeded with url: /images/search?q=construction%20structure&count=100 (Caused by NameResolutionError(""HTTPSConnection(host=\'www.bing.com\', port=443): Failed to resolve \'www.bing.com\' ([Errno 8] nodename nor servname provided, or not known)""))'))"
path,"ConnectionError(MaxRetryError('HTTPSConnectionPool(host=\'www.bing.com\', port=443): Max retries exceeded with url: /images/search?q=path&count=100 (Caused by NameResolutionError(""HTTPSConnection(host=\'www.bing.com\', port=443): Failed to resolve \'www.bing.com\' ([Errno 8] nodename nor servname provided, or not known)""))'))"
path route,"ConnectionError(MaxRetryError('HTTPSConnectionPool(host=\'www.bing.com\', port=443): Max retries exceeded with url: /images/search?q=path%20route&count=100 (Caused by NameResolutionError(""HTTPSConnection(host=\'www.bing.com\', port=443): Failed to resolve \'www.bing.com\' ([Errno 8] nodename nor servname provided, or not known)""))'))"
journal,"ConnectionError(MaxRetryError('HTTPSConnectionPool(host=\'www.bing.com\', port=443): Max retries exceeded with url: /images/search?q=journal&count=100 (Caused by NameResolutionError(""HTTPSConnection(host=\'www.bing.com\', port=443): Failed to resolve \'www.bing.com\' ([Errno 8] nodename nor servname provided, or not known)""))'))"
journal diary,"ConnectionError(MaxRetryError('HTTPSConnectionPool(host=\'www.bing.com\', port=443): Max retries exceeded with url: /images/search?q=journal%20diary&count=100 (Caused by NameResolutionError(""HTTPSConnection(host=\'www.bing.com\', port=443): Failed to resolve \'www.bing.com\' ([Errno 8] nodename nor servname provided, or not known)""))'))"
effects personal,"ConnectionError(MaxRetryError('HTTPSConnectionPool(host=\'www.bing.com\', port=443): Max retries exceeded with url: /images/search?q=effects%20personal&count=100 (Caused by NameResolutionError(""HTTPSConnection(host=\'www.bing.com\', port=443): Failed to resolve \'www.bing.com\' ([Errno 8] nodename nor servname provided, or not known)""))'))"
effects event,"ConnectionError(MaxRetryError('HTTPSConnectionPool(host=\'www.bing.com\', port=443): Max retries exceeded with url: /images/search?q=effects%20event&count=100 (Caused by NameResolutionError(""HTTPSConnection(host=\'www.bing.com\', port=443): Failed to resolve \'www.bing.com\' ([Errno 8] nodename nor servname provided, or not known)""))'))"
effects effect,"ConnectionError(MaxRetryError('HTTPSConnectionPool(host=\'www.bing.com\', port=443): Max retries exceeded with url: /images/search?q=effects%20effect&count=100 (Caused by NameResolutionError(""HTTPSConnection(host=\'www.bing.com\', port=443): Failed to resolve \'www.bing.com\' ([Errno 8] nodename nor servname provided, or not known)""))'))"
effects core,"ConnectionError(MaxRetryError('HTTPSConnectionPool(host=\'www.bing.com\', port=443): Max retries exceeded with url: /images/search?q=effects%20core&count=100 (Caused by NameResolutionError(""HTTPSConnection(host=\'www.bing.com\', port=443): Failed to resolve \'www.bing.com\' ([Errno 8] nodename nor servname provided, or not known)""))'))"
accordance,"ConnectionError(MaxRetryError('HTTPSConnectionPool(host=\'www.bing.com\', port=443): Max retries exceeded with url: /images/search?q=accordance&count=100 (Caused by NameResolutionError(""HTTPSConnection(host=\'www.bing.com\', port=443): Failed to resolve \'www.bing.com\' ([Errno 8] nodename nor servname provided, or not known)""))'))"
accordance accord,"ConnectionError(MaxRetryError('HTTPSConnectionPool(host=\'www.bing.com\', port=443): Max retries exceeded with url: /images/search?q=accordance%20accord&count=100 (Caused by NameResolutionError(""HTTPSConnection(host=\'www.bing.com\', port=443): Failed to resolve \'www.bing.com\' ([Errno 8] nodename nor servname provided, or not known)""))'))"
accordance of rights,"ConnectionError(MaxRetryError('HTTPSConnectionPool(host=\'www.bing.com\', port=443): Max retries exceeded with url: /images/search?q=accordance%20of%20rights&count=100 (Caused by NameResolutionError(""HTTPSConnection(host=\'www.bing.com\', port=443): Failed to resolve \'www.bing.com\' ([Errno 8] nodename nor servname provided, or not known)""))'))"
character,"ConnectionError(MaxRetryError('HTTPSConnectionPool(host=\'www.bing.com\', port=443): Max retries exceeded with url: /images/search?q=character&count=100 (Caused by NameResolutionError(""HTTPSConnection(host=\'www.bing.com\', port=443): Failed to resolve \'www.bing.com\' ([Errno 8] nodename nor servname provided, or not known)""))'))"
character fictional,"ConnectionError(MaxRetryError('HTTPSConnectionPool(host=\'www.bing.com\', port=443): Max retries exceeded with url: /images/search?q=character%20fictional&count=100 (Caused by NameResolutionError(""HTTPSConnection(host=\'www.bing.com\', port=443): Failed to resolve \'www.bing.com\' ([Errno 8] nodename nor servname provided, or not known)""))'))"
character quality,"ConnectionError(MaxRetryError('HTTPSConnectionPool(host=\'www.bing.com\', port=443): Max retries exceeded with url: /images/search?q=character%20quality&count=100 (Caused by NameResolutionError(""HTTPSConnection(host=\'www.bing.com\', port=443): Failed to resolve \'www.bing.com\' ([Errno 8] nodename nor servname provided, or not known)""))'))"
character fiber,"ConnectionError(MaxRetryError('HTTPSConnectionPool(host=\'www.bing.com\', port=443): Max retries exceeded with url: /images/search?q=character%20fiber&count=100 (Caused by NameResolutionError(""HTTPSConnection(host=\'www.bing.com\', port=443): Failed to resolve \'www.bing.com\' ([Errno 8] nodename nor servname provided, or not known)""))'))"
character part,"ConnectionError(MaxRetryError('HTTPSConnectionPool(host=\'www.bing.com\', port=443): Max retries exceeded with url: /images/search?q=character%20part&count=100 (Caused by NameResolutionError(""HTTPSConnection(host=\'www.bing.com\', port=443): Failed to resolve \'www.bing.com\' ([Errno 8] nodename nor servname provided, or not known)""))'))"
character case,"ConnectionError(MaxRetryError('HTTPSConnectionPool(host=\'www.bing.com\', port=443): Max retries exceeded with url: /images/search?q=character%20case&count=100 (Caused by NameResolutionError(""HTTPSConnection(host=\'www.bing.com\', port=443): Failed to resolve \'www.bing.com\' ([Errno 8] nodename nor servname provided, or not known)""))'))"
character reference,"ConnectionError(MaxRetryError('HTTPSConnectionPool(host=\'www.bing.com\', port=443): Max retries exceeded with url: /images/search?q=character%20reference&count=100 (Caused by NameResolutionError(""HTTPSConnection(host=\'www.bing.com\', port=443): Failed to resolve \'www.bing.com\' ([Errno 8] nodename nor servname provided, or not known)""))'))"
character grapheme,"ConnectionError(MaxRetryError('HTTPSConnectionPool(host=\'www.bing.com\', port=443): Max retries exceeded with url: /images/search?q=character%20grapheme&count=100 (Caused by NameResolutionError(""HTTPSConnection(host=\'www.bing.com\', port=443): Failed to resolve \'www.bing.com\' ([Errno 8] nodename nor servname provided, or not known)""))'))"
tom,"ConnectionError(MaxRetryError('HTTPSConnectionPool(host=\'www.bing.com\', port=443): Max retries exceeded with url: /images/search?q=tom&count=100 (Caused by NameResolutionError(""HTTPSConnection(host=\'www.bing.com\', port=443): Failed to resolve \'www.bing.com\' ([Errno 8] nodename nor servname provided, or not known)""))'))"
tom turkey,"ConnectionError(MaxRetryError('HTTPSConnectionPool(host=\'www.bing.com\', port=443): Max retries exceeded with url: /images/search?q=tom%20turkey&count=100 (Caused by NameResolutionError(""HTTPSConnection(host=\'www.bing.com\', port=443): Failed to resolve \'www.bing.com\' ([Errno 8] nodename nor servname provided, or not known)""))'))"
concerns,"ConnectionError(MaxRetryError('HTTPSConnectionPool(host=\'www.bing.com\', port=443): Max retries exceeded with url: /images/search?q=concerns&count=100 (Caused by NameResolutionError(""HTTPSConnection(host=\'www.bing.com\', port=443): Failed to resolve \'www.bing.com\' ([Errno 8] nodename nor servname provided, or not known)""))'))"
concerns concern,"ConnectionError(MaxRetryError('HTTPSConnectionPool(host=\'www.bing.com\', port=443): Max retries exceeded with url: /images/search?q=concerns%20concern&count=100 (Caused by NameResolutionError(""HTTPSConnection(host=\'www.bing.com\', port=443): Failed to resolve \'www.bing.com\' ([Errno 8] nodename nor servname provided, or not known)""))'))"
concerns care,"ConnectionError(MaxRetryError('HTTPSConnectionPool(host=\'www.bing.com\', port=443): Max retries exceeded with url: /images/search?q=concerns%20care&count=100 (Caused by NameResolutionError(""HTTPSConnection(host=\'www.bing.com\', port=443): Failed to resolve \'www.bing.com\' ([Errno 8] nodename nor servname provided, or not known)""))'))"
concerns worry,"ConnectionError(MaxRetryError('HTTPSConnectionPool(host=\'www.bing.com\', port=443): Max retries exceeded with url: /images/search?q=concerns%20worry&count=100 (Caused by NameResolutionError(""HTTPSConnection(host=\'www.bing.com\', port=443): Failed to resolve \'www.bing.com\' ([Errno 8] nodename nor servname provided, or not known)""))'))"
martin,"ConnectionError(MaxRetryError('HTTPSConnectionPool(host=\'www.bing.com\', port=443): Max retries exceeded with url: /images/search?q=martin&count=100 (Caused by NameResolutionError(""HTTPSConnection(host=\'www.bing.com\', port=443): Failed to resolve \'www.bing.com\' ([Errno 8] nodename nor servname provided, or not known)""))'))"
martin St.,"ConnectionError(MaxRetryError('HTTPSConnectionPool(host=\'www.bing.com\', port=443): Max retries exceeded with url: /images/search?q=martin%20St.&count=100 (Caused by NameResolutionError(""HTTPSConnection(host=\'www.bing.com\', port=443): Failed to resolve \'www.bing.com\' ([Errno 8] nodename nor servname provided, or not known)""))'))"
martin Steve,"ConnectionError(MaxRetryError('HTTPSConnectionPool(host=\'www.bing.com\', port=443): Max retries exceeded with url: /images/search?q=martin%20Steve&count=100 (Caused by NameResolutionError(""HTTPSConnection(host=\'www.bing.com\', port=443): Failed to resolve \'www.bing.com\' ([Errno 8] nodename nor servname provided, or not known)""))'))"
martin Mary,"ConnectionError(MaxRetryError('HTTPSConnectionPool(host=\'www.bing.com\', port=443): Max retries exceeded with url: /images/search?q=martin%20Mary&count=100 (Caused by NameResolutionError(""HTTPSConnection(host=\'www.bing.com\', port=443): Failed to resolve \'www.bing.com\' ([Errno 8] nodename nor servname provided, or not known)""))'))"
martin Dean,"ConnectionError(MaxRetryError('HTTPSConnectionPool(host=\'www.bing.com\', port=443): Max retries exceeded with url: /images/search?q=martin%20Dean&count=100 (Caused by NameResolutionError(""HTTPSConnection(host=\'www.bing.com\', port=443): Failed to resolve \'www.bing.com\' ([Errno 8] nodename nor servname provided, or not known)""))'))"
arthur President,"ConnectionError(MaxRetryError('HTTPSConnectionPool(host=\'www.bing.com\', port=443): Max retries exceeded with url: /images/search?q=arthur%20President&count=100 (Caused by NameResolutionError(""HTTPSConnection(host=\'www.bing.com\', port=443): Failed to resolve \'www.bing.com\' ([Errno 8] nodename nor servname provided, or not known)""))'))"
block city,"ConnectionError(MaxRetryError('HTTPSConnectionPool(host=\'www.bing.com\', port=443): Max retries exceeded with url: /images/search?q=block%20city&count=100 (Caused by NameResolutionError(""HTTPSConnection(host=\'www.bing.com\', port=443): Failed to resolve \'www.bing.com\' ([Errno 8] nodename nor servname provided, or not known)""))'))"
block mental,"ConnectionError(MaxRetryError('HTTPSConnectionPool(host=\'www.bing.com\', port=443): Max retries exceeded with url: /images/search?q=block%20mental&count=100 (Caused by NameResolutionError(""HTTPSConnection(host=\'www.bing.com\', port=443): Failed to resolve \'www.bing.com\' ([Errno 8] nodename nor servname provided, or not known)""))'))"
block pulley,"ConnectionError(MaxRetryError('HTTPSConnectionPool(host=\'www.bing.com\', port=443): Max retries exceeded with url: /images/search?q=block%20pulley&count=100 (Caused by NameResolutionError(""HTTPSConnection(host=\'www.bing.com\', port=443): Failed to resolve \'www.bing.com\' ([Errno 8] nodename nor servname provided, or not known)""))'))"
block engine,"ConnectionError(MaxRetryError('HTTPSConnectionPool(host=\'www.bing.com\', port=443): Max retries exceeded with url: /images/search?q=block%20engine&count=100 (Caused by NameResolutionError(""HTTPSConnection(host=\'www.bing.com\', port=443): Failed to resolve \'www.bing.com\' ([Errno 8] nodename nor servname provided, or not known)""))'))"
block stop,"ConnectionError(MaxRetryError('HTTPSConnectionPool(host=\'www.bing.com\', port=443): Max retries exceeded with url: /images/search?q=block%20stop&count=100 (Caused by NameResolutionError(""HTTPSConnection(host=\'www.bing.com\', port=443): Failed to resolve \'www.bing.com\' ([Errno 8] nodename nor servname provided, or not known)""))'))"
block blocking,"ConnectionError(MaxRetryError('HTTPSConnectionPool(host=\'www.bing.com\', port=443): Max retries exceeded with url: /images/search?q=block%20blocking&count=100 (Caused by NameResolutionError(""HTTPSConnection(host=\'www.bing.com\', port=443): Failed to resolve \'www.bing.com\' ([Errno 8] nodename nor servname provided, or not known)""))'))"
climate clime,"ConnectionError(MaxRetryError('HTTPSConnectionPool(host=\'www.bing.com\', port=443): Max retries exceeded with url: /images/search?q=climate%20clime&count=100 (Caused by NameResolutionError(""HTTPSConnection(host=\'www.bing.com\', port=443): Failed to resolve \'www.bing.com\' ([Errno 8] nodename nor servname provided, or not known)""))'))"
threat,"ConnectionError(MaxRetryError('HTTPSConnectionPool(host=\'www.bing.com\', port=443): Max retries exceeded with url: /images/search?q=threat&count=100 (Caused by NameResolutionError(""HTTPSConnection(host=\'www.bing.com\', port=443): Failed to resolve \'www.bing.com\' ([Errno 8] nodename nor servname provided, or not known)""))'))"
threat menace,"ConnectionError(MaxRetryError('HTTPSConnectionPool(host=\'www.bing.com\', port=443): Max retries exceeded with url: /images/search?q=threat%20menace&count=100 (Caused by NameResolutionError(""HTTPSConnection(host=\'www.bing.com\', port=443): Failed to resolve \'www.bing.com\' ([Errno 8] nodename nor servname provided, or not known)""))'))"
threat terror,"ConnectionError(MaxRetryError('HTTPSConnectionPool(host=\'www.bing.com\', port=443): Max retries exceeded with url: /images/search?q=threat%20terror&count=100 (Caused by NameResolutionError(""HTTPSConnection(host=\'www.bing.com\', port=443): Failed to resolve \'www.bing.com\' ([Errno 8] nodename nor servname provided, or not known)""))'))"
delight,"ConnectionError(MaxRetryError('HTTPSConnectionPool(host=\'www.bing.com\', port=443): Max retries exceeded with url: /images/search?q=delight&count=100 (Caused by NameResolutionError(""HTTPSConnection(host=\'www.bing.com\', port=443): Failed to resolve \'www.bing.com\' ([Errno 8] nodename nor servname provided, or not known)""))'))"
delight delectation,"ConnectionError(MaxRetryError('HTTPSConnectionPool(host=\'www.bing.com\', port=443): Max retries exceeded with url: /images/search?q=delight%20delectation&count=100 (Caused by NameResolutionError(""HTTPSConnection(host=\'www.bing.com\', port=443): Failed to resolve \'www.bing.com\' ([Errno 8] nodename nor servname provided, or not known)""))'))"
delight joy,"ConnectionError(MaxRetryError('HTTPSConnectionPool(host=\'www.bing.com\', port=443): Max retries exceeded with url: /images/search?q=delight%20joy&count=100 (Caused by NameResolutionError(""HTTPSConnection(host=\'www.bing.com\', port=443): Failed to resolve \'www.bing.com\' ([Errno 8] nodename nor servname provided, or not known)""))'))"
displacement,"ConnectionError(MaxRetryError('HTTPSConnectionPool(host=\'www.bing.com\', port=443): Max retries exceeded with url: /images/search?q=displacement&count=100 (Caused by NameResolutionError(""HTTPSConnection(host=\'www.bing.com\', port=443): Failed to resolve \'www.bing.com\' ([Errno 8] nodename nor servname provided, or not known)""))'))"
displacement supplanting,"ConnectionError(MaxRetryError('HTTPSConnectionPool(host=\'www.bing.com\', port=443): Max retries exceeded with url: /images/search?q=displacement%20supplanting&count=100 (Caused by NameResolutionError(""HTTPSConnection(host=\'www.bing.com\', port=443): Failed to resolve \'www.bing.com\' ([Errno 8] nodename nor servname provided, or not known)""))'))"
displacement shift,"ConnectionError(MaxRetryError('HTTPSConnectionPool(host=\'www.bing.com\', port=443): Max retries exceeded with url: /images/search?q=displacement%20shift&count=100 (Caused by NameResolutionError(""HTTPSConnection(host=\'www.bing.com\', port=443): Failed to resolve \'www.bing.com\' ([Errno 8] nodename nor servname provided, or not known)""))'))"
displacement translation,"ConnectionError(MaxRetryError('HTTPSConnectionPool(host=\'www.bing.com\', port=443): Max retries exceeded with url: /images/search?q=displacement%20translation&count=100 (Caused by NameResolutionError(""HTTPSConnection(host=\'www.bing.com\', port=443): Failed to resolve \'www.bing.com\' ([Errno 8] nodename nor servname provided, or not known)""))'))"
displacement reaction,"ConnectionError(MaxRetryError('HTTPSConnectionPool(host=\'www.bing.com\', port=443): Max retries exceeded with url: /images/search?q=displacement%20reaction&count=100 (Caused by NameResolutionError(""HTTPSConnection(host=\'www.bing.com\', port=443): Failed to resolve \'www.bing.com\' ([Errno 8] nodename nor servname provided, or not known)""))'))"
displacement deracination,"ConnectionError(MaxRetryError('HTTPSConnectionPool(host=\'www.bing.com\', port=443): Max retries exceeded with url: /images/search?q=displacement%20deracination&count=100 (Caused by NameResolutionError(""HTTPSConnection(host=\'www.bing.com\', port=443): Failed to resolve \'www.bing.com\' ([Errno 8] nodename nor servname provided, or not known)""))'))"
activity,"ConnectionError(MaxRetryError('HTTPSConnectionPool(host=\'www.bing.com\', port=443): Max retries exceeded with url: /images/search?q=activity&count=100 (Caused by NameResolutionError(""HTTPSConnection(host=\'www.bing.com\', port=443): Failed to resolve \'www.bing.com\' ([Errno 8] nodename nor servname provided, or not known)""))'))"
activity action,"ConnectionError(MaxRetryError('HTTPSConnectionPool(host=\'www.bing.com\', port=443): Max retries exceeded with url: /images/search?q=activity%20action&count=100 (Caused by NameResolutionError(""HTTPSConnection(host=\'www.bing.com\', port=443): Failed to resolve \'www.bing.com\' ([Errno 8] nodename nor servname provided, or not known)""))'))"
activity body process,"ConnectionError(MaxRetryError('HTTPSConnectionPool(host=\'www.bing.com\', port=443): Max retries exceeded with url: /images/search?q=activity%20body%20process&count=100 (Caused by NameResolutionError(""HTTPSConnection(host=\'www.bing.com\', port=443): Failed to resolve \'www.bing.com\' ([Errno 8] nodename nor servname provided, or not known)""))'))"
activity activeness,"ConnectionError(MaxRetryError('HTTPSConnectionPool(host=\'www.bing.com\', port=443): Max retries exceeded with url: /images/search?q=activity%20activeness&count=100 (Caused by NameResolutionError(""HTTPSConnection(host=\'www.bing.com\', port=443): Failed to resolve \'www.bing.com\' ([Errno 8] nodename nor servname provided, or not known)""))'))"
structure,"ConnectionError(MaxRetryError('HTTPSConnectionPool(host=\'www.bing.com\', port=443): Max retries exceeded with url: /images/search?q=structure&count=100 (Caused by NameResolutionError(""HTTPSConnection(host=\'www.bing.com\', port=443): Failed to resolve \'www.bing.com\' ([Errno 8] nodename nor servname provided, or not known)""))'))"
structure construction,"ConnectionError(MaxRetryError('HTTPSConnectionPool(host=\'www.bing.com\', port=443): Max retries exceeded with url: /images/search?q=structure%20construction&count=100 (Caused by NameResolutionError(""HTTPSConnection(host=\'www.bing.com\', port=443): Failed to resolve \'www.bing.com\' ([Errno 8] nodename nor servname provided, or not known)""))'))"
structure body,"ConnectionError(MaxRetryError('HTTPSConnectionPool(host=\'www.bing.com\', port=443): Max retries exceeded with url: /images/search?q=structure%20body&count=100 (Caused by NameResolutionError(""HTTPSConnection(host=\'www.bing.com\', port=443): Failed to resolve \'www.bing.com\' ([Errno 8] nodename nor servname provided, or not known)""))'))"
structure social,"ConnectionError(MaxRetryError('HTTPSConnectionPool(host=\'www.bing.com\', port=443): Max retries exceeded with url: /images/search?q=structure%20social&count=100 (Caused by NameResolutionError(""HTTPSConnection(host=\'www.bing.com\', port=443): Failed to resolve \'www.bing.com\' ([Errno 8] nodename nor servname provided, or not known)""))'))"
edward,"ConnectionError(MaxRetryError('HTTPSConnectionPool(host=\'www.bing.com\', port=443): Max retries exceeded with url: /images/search?q=edward&count=100 (Caused by NameResolutionError(""HTTPSConnection(host=\'www.bing.com\', port=443): Failed to resolve \'www.bing.com\' ([Errno 8] nodename nor servname provided, or not known)""))'))"
edward VIII,"ConnectionError(MaxRetryError('HTTPSConnectionPool(host=\'www.bing.com\', port=443): Max retries exceeded with url: /images/search?q=edward%20VIII&count=100 (Caused by NameResolutionError(""HTTPSConnection(host=\'www.bing.com\', port=443): Failed to resolve \'www.bing.com\' ([Errno 8] nodename nor servname provided, or not known)""))'))"
edward VII,"ConnectionError(MaxRetryError('HTTPSConnectionPool(host=\'www.bing.com\', port=443): Max retries exceeded with url: /images/search?q=edward%20VII&count=100 (Caused by NameResolutionError(""HTTPSConnection(host=\'www.bing.com\', port=443): Failed to resolve \'www.bing.com\' ([Errno 8] nodename nor servname provided, or not known)""))'))"
edward VI,"ConnectionError(MaxRetryError('HTTPSConnectionPool(host=\'www.bing.com\', port=443): Max retries exceeded with url: /images/search?q=edward%20VI&count=100 (Caused by NameResolutionError(""HTTPSConnection(host=\'www.bing.com\', port=443): Failed to resolve \'www.bing.com\' ([Errno 8] nodename nor servname provided, or not known)""))'))"
edward V,"ConnectionError(MaxRetryError('HTTPSConnectionPool(host=\'www.bing.com\', port=443): Max retries exceeded with url: /images/search?q=edward%20V&count=100 (Caused by NameResolutionError(""HTTPSConnection(host=\'www.bing.com\', port=443): Failed to resolve \'www.bing.com\' ([Errno 8] nodename nor servname provided, or not known)""))'))"
edward IV,"ConnectionError(MaxRetryError('HTTPSConnectionPool(host=\'www.bing.com\', port=443): Max retries exceeded with url: /images/search?q=edward%20IV&count=100 (Caused by NameResolutionError(""HTTPSConnection(host=\'www.bing.com\', port=443): Failed to resolve \'www.bing.com\' ([Errno 8] nodename nor servname provided, or not known)""))'))"
edward III,"ConnectionError(MaxRetryError('HTTPSConnectionPool(host=\'www.bing.com\', port=443): Max retries exceeded with url: /images/search?q=edward%20III&count=100 (Caused by NameResolutionError(""HTTPSConnection(host=\'www.bing.com\', port=443): Failed to resolve \'www.bing.com\' ([Errno 8] nodename nor servname provided, or not known)""))'))"
edward II,"ConnectionError(MaxRetryError('HTTPSConnectionPool(host=\'www.bing.com\', port=443): Max retries exceeded with url: /images/search?q=edward%20II&count=100 (Caused by NameResolutionError(""HTTPSConnection(host=\'www.bing.com\', port=443): Failed to resolve \'www.bing.com\' ([Errno 8] nodename nor servname provided, or not known)""))'))"
edward I,"ConnectionError(MaxRetryError('HTTPSConnectionPool(host=\'www.bing.com\', port=443): Max retries exceeded with url: /images/search?q=edward%20I&count=100 (Caused by NameResolutionError(""HTTPSConnection(host=\'www.bing.com\', port=443): Failed to resolve \'www.bing.com\' ([Errno 8] nodename nor servname provided, or not known)""))'))"
edward Prince,"ConnectionError(MaxRetryError('HTTPSConnectionPool(host=\'www.bing.com\', port=443): Max retries exceeded with url: /images/search?q=edward%20Prince&count=100 (Caused by NameResolutionError(""HTTPSConnection(host=\'www.bing.com\', port=443): Failed to resolve \'www.bing.com\' ([Errno 8] nodename nor servname provided, or not known)""))'))"
edward Black Prince,"ConnectionError(MaxRetryError('HTTPSConnectionPool(host=\'www.bing.com\', port=443): Max retries exceeded with url: /images/search?q=edward%20Black%20Prince&count=100 (Caused by NameResolutionError(""HTTPSConnection(host=\'www.bing.com\', port=443): Failed to resolve \'www.bing.com\' ([Errno 8] nodename nor servname provided, or not known)""))'))"
tension,"ConnectionError(MaxRetryError('HTTPSConnectionPool(host=\'www.bing.com\', port=443): Max retries exceeded with url: /images/search?q=tension&count=100 (Caused by NameResolutionError(""HTTPSConnection(host=\'www.bing.com\', port=443): Failed to resolve \'www.bing.com\' ([Errno 8] nodename nor servname provided, or not known)""))'))"
tension stress,"ConnectionError(MaxRetryError('HTTPSConnectionPool(host=\'www.bing.com\', port=443): Max retries exceeded with url: /images/search?q=tension%20stress&count=100 (Caused by NameResolutionError(""HTTPSConnection(host=\'www.bing.com\', port=443): Failed to resolve \'www.bing.com\' ([Errno 8] nodename nor servname provided, or not known)""))'))"
tension tensity,"ConnectionError(MaxRetryError('HTTPSConnectionPool(host=\'www.bing.com\', port=443): Max retries exceeded with url: /images/search?q=tension%20tensity&count=100 (Caused by NameResolutionError(""HTTPSConnection(host=\'www.bing.com\', port=443): Failed to resolve \'www.bing.com\' ([Errno 8] nodename nor servname provided, or not known)""))'))"
tension latent hostility,"ConnectionError(MaxRetryError('HTTPSConnectionPool(host=\'www.bing.com\', port=443): Max retries exceeded with url: /images/search?q=tension%20latent%20hostility&count=100 (Caused by NameResolutionError(""HTTPSConnection(host=\'www.bing.com\', port=443): Failed to resolve \'www.bing.com\' ([Errno 8] nodename nor servname provided, or not known)""))'))"
expression reflexion,no_image
expression formulation,no_image
union,no_image
union labor,no_image
union North,no_image
union mating,no_image
union unification,no_image
union wedlock,no_image
union conglutination,no_image
union sum,no_image
union uniting,no_image
center centre,no_image
center snapper,no_image
interference intervention,no_image
ruth pity,no_image
ruth Book of,no_image
treatment discourse,no_image
fallout side effect,no_image
belt ammunition,no_image
society,no_image
society club,no_image
society company,no_image
society high,no_image
operations surgery,no_image
operations process,no_image
boss,no_image
walk walking,no_image
walk pass,no_image
walk manner of walking,no_image
mechanism mechanics,no_image
vehicles,no_image
vehicles vehicle,no_image
vehicles fomite,no_image
manufacturers,no_image
manufacturers maker,no_image
kansas Kansa,no_image
kansas River,no_image
harris Townsend,no_image
harris Frank,no_image
harris Bomber,no_image
considerations,no_image
considerations retainer,no_image
wash dry,no_image
wash washout,no_image
wash race,no_image
wash laundry,no_image
facilities facility,no_image
town township,no_image
branch arm,no_image
origin inception,no_image
origin line,no_image
foot,no_image
foot ft,no_image
foot animal,no_image
foot metrical,no_image
