query,red,orange,yellow,green,blue,purple,pink,black,grey,white
apple,0.1332932451393065,0.002605732611745841,0.09410703547805171,0.19442774103026658,0.055973140910002,0.011475245540188415,0.008117859290438966,0.07467467467467467,0.08403403403403403,0.34129129129129127
Apple Inc.,0.10893071686023229,0.11789146976371646,0.09145975170204246,0.030837004405286344,0.12329795754905887,0.018722466960352423,0.008860632759311173,0.18373373373373372,0.08998998998998999,0.22627627627627628
amazon,0.004603222255578905,0.17111978384869408,0.011508055638947263,0.116431502051436,0.157510257180026,0.038827179025317723,0.0,0.11406406406406407,0.07572572572572572,0.3102102102102102
Amazon.com Inc.,0.0017535070140280561,0.04238476953907815,0.006713426853707414,0.0010521042084168336,0.4403306613226453,0.0077655310621242485,0.0,0.08798798798798799,0.17392392392392392,0.2380880880880881
visa,0.027903015729886786,0.13490632201182245,0.02624987476204789,0.002604949403867348,0.27026350065123733,0.022242260294559665,0.0158300771465785,0.11561561561561562,0.13603603603603603,0.24834834834834835
Visa Inc.,0.02145,0.01735,0.0035,0.002,0.34615,0.10105,0.0085,0.07892892892892893,0.1781781781781782,0.2428928928928929
shell,0.15156218706188665,0.15081113558982576,0.1499599439214901,0.003955537752853996,0.02663729220909273,0.005257360304426197,0.011816543160424594,0.022122122122122122,0.14734734734734733,0.33053053053053055
Shell plc,0.1950230322451432,0.058281594231924694,0.05918285599839776,0.0012016823552974164,0.1564690566793511,0.006959743641097536,0.022882034848788303,0.03633633633633634,0.16846846846846847,0.2951951951951952
nail,0.17685677057231636,0.16282449634158566,0.03232434599579032,0.0007517289766462865,0.028816277438107652,0.004360028064548462,0.09406635261100532,0.0926926926926927,0.2878378378378379,0.11946946946946949
metal nail,0.07008924095056654,0.20906447408001608,0.007219492630101274,0.004812995086734183,0.16750225609144692,0.04131154116113507,0.0,0.10375375375375377,0.08323323323323324,0.31301301301301304
finger nail,0.15158484151584845,0.2877212278772123,0.0011498850114988503,0.006849315068493151,0.03514648535146486,0.003099690030996901,0.014448555144485554,0.014864864864864867,0.3136636636636637,0.1714714714714715
chip,0.004004805766920304,0.00040048057669203043,0.022777332799359232,0.0631257509010813,0.39121946335602725,0.013766519823788546,0.004705646776131358,0.17657657657657658,0.14314314314314314,0.1802802802802803
potato chip,0.0019022827392871447,0.23433119743692432,0.2303764517420905,0.0018522226672006408,0.02923508209851822,0.002302763315979175,0.0,0.046496496496496495,0.2587087087087087,0.1947947947947948
computer chip,0.00115011501150115,0.006350635063506351,0.08535853585358535,0.06900690069006901,0.2578757875787579,0.07925792579257926,0.001000100010001,0.1685185185185185,0.18673673673673674,0.14474474474474475
