word,brown_count,K,valid_senses
conception,32,4,3
van,32,5,2
expression,79,9,7
union,182,11,8
center,212,18,7
interference,45,5,4
ruth,23,4,3
entrance,57,3,2
treatment,127,4,3
fallout,31,2,2
back,178,9,5
consequence,30,3,3
blood,121,5,2
belt,29,7,4
society,237,4,3
estate,51,3,2
appointment,28,6,4
operations,84,12,4
boss,20,6,5
walk,34,7,5
invention,20,3,2
breath,53,5,2
mechanism,28,5,2
earth,150,7,4
vehicles,53,4,2
manufacturers,47,2,2
hope,109,6,2
kansas,31,6,3
harris,28,6,6
considerations,31,6,3
wash,23,8,6
brother,73,5,3
facilities,100,5,2
town,212,4,3
branch,31,6,3
origin,44,6,4
foot,70,11,7
violence,46,3,2
construction,94,7,5
shadow,34,9,4
path,44,4,3
clay,100,5,4
sand,28,3,2
journal,42,5,2
effects,108,7,5
accordance,20,2,2
character,118,9,7
tom,63,3,3
concerns,29,5,3
martin,55,5,4
arthur,51,2,2
block,61,12,8
climate,26,2,2
threat,42,4,2
delight,27,2,2
displacement,23,7,5
activity,116,6,3
structure,90,5,3
edward,45,10,10
tension,59,6,3
