query_word,synset_id,sense_index,disambiguator,query,red,orange,yellow,green,blue,purple,pink,black,grey,white
conception,,0,,conception,0.1747760586319218,0.0927320846905537,0.0238192182410423,0.0373574918566775,0.4372964169381108,0.0612785016286644,0.1727402280130293,0.2247590055809233,0.4154236428209031,0.3598173515981735
conception,concept.n.01,1,concept,conception concept,0.0330452465683782,0.0264361972547025,0.128622267412303,0.0844941535332994,0.666395526182003,0.0358922216573462,0.0251143873919674,0.1250126839167935,0.2499238964992389,0.6250634195839675
conception,creation.n.03,3,creation,conception creation,0.0336690062048621,0.1384396297426508,0.1773980266503916,0.1673278405045265,0.2235784762486013,0.0593022073034279,0.2002848133455396,0.2583460172501268,0.4481988838153222,0.2934550989345509
conception,invention.n.01,4,design,conception design,0.0033407572383073,0.1728082607815347,0.4085847337517716,0.1962947965175136,0.2121887021664304,0.0050617533913747,0.0017209961530674,0.056722475900558,0.2381532217148655,0.7051243023845764
van,,0,,van,0.0605845341993099,0.0665719504769636,0.0999594073472701,0.013801501928151,0.7542114877207226,0.0015222244773695,0.0033488938502131,0.124099441907661,0.2987316083206494,0.5771689497716895
van,avant-garde.n.01,1,vanguard,van vanguard,0.0074217161447742,0.0322285481903212,0.0555103700691337,0.1443676291175274,0.6581943879625864,0.0973973159821065,0.0048800325335502,0.3276509386098427,0.3986808726534754,0.2736681887366818
van,van.n.04,4,caravan,van caravan,0.0112039111835404,0.0069260541861886,0.1700957425137502,0.4705642697086983,0.3348950906498268,0.0,0.0063149317579955,0.2374429223744292,0.4998477929984779,0.2627092846270928
expression,expression.n.01,1,face,expression face,0.0486689697216013,0.2897785003048161,0.0272302377565535,0.3568380410485673,0.2193659825238772,0.0,0.0581182686445844,0.089193302891933,0.3464231354642313,0.5643835616438356
expression,expression.n.03,3,verbal,expression verbal,0.1847198297699868,0.1569561252406525,0.1039619009018137,0.0151991083189786,0.4934643834228392,0.0025331847198297,0.0431654676258992,0.0290208016235413,0.2406900050735667,0.7302891933028919
expression,formula.n.01,6,formula,expression formula,0.025625443127722,0.22404537627874,0.3885343867112326,0.164691583105439,0.1392687126506634,0.0,0.0578344981262027,0.0274987316083206,0.2990360223236935,0.6734652460679857
expression,construction.n.02,8,construction,expression construction,0.0141102426149629,0.0196934321388691,0.186072479951274,0.0587757588062125,0.7179981727743376,0.0,0.0033499137143437,0.0173515981735159,0.2846270928462709,0.6980213089802131
center,,0,,center,0.0849200692393849,0.0003054678749618,0.1179105997352611,0.0066184706241726,0.772935546278383,0.0068221158741472,0.010487730373689,0.1056316590563165,0.4122780314561136,0.4820903094875697
center,center.n.01,1,eye,center eye,0.0010143016533116,0.1744598843696115,0.0255604016634547,0.0148088041383507,0.7831423065219596,0.0,0.0010143016533116,0.0738711314053779,0.2598680872653475,0.6662607813292745
center,center_field.n.01,2,field,center field,0.0231448583900111,0.0436503908232666,0.0524819815247183,0.6484620850675058,0.2202822048522992,0.0038574763983351,0.0081210029438635,0.2641298833079655,0.4885844748858447,0.2472856418061897
center,kernel.n.03,5,nub,center nub,0.0072132479934979,0.0072132479934979,0.0361678350096515,0.2460631921162247,0.6961292288936299,0.0,0.0072132479934979,0.1678335870116692,0.1745306950786402,0.6576357179096906
center,center.n.07,7,nerve,center nerve,0.0298522669383596,0.0294447274579724,0.0214977075904228,0.058380030565461,0.7399898115129904,0.1050433010697911,0.0157921548650025,0.3106037544393709,0.1885337392186707,0.5008625063419584
center,plaza.n.02,15,mall,center mall,0.0034577443303162,0.1366825994101494,0.1259025729685752,0.0189158954540831,0.697345672734669,0.0099664395403234,0.0077290755618834,0.2667681380010147,0.5193302891933029,0.2139015728056824
interference,,0,,interference,0.1622935872758585,0.0005065342923715,0.0602775807922196,0.0577449093303616,0.6860500455880864,0.0020261371694863,0.0311012055516158,0.0161339421613394,0.3859969558599695,0.597869101978691
interference,hindrance.n.03,2,hindrance,interference hindrance,0.0630064829821718,0.0289708265802269,0.0393030794165316,0.0474068071312803,0.3245542949756888,0.0131685575364667,0.4835899513776337,0.3252156265854896,0.3291730086250634,0.345611364789447
interference,noise.n.03,3,noise,interference noise,0.0070965125709651,0.0354825628548256,0.0212895377128953,0.0283860502838605,0.7233373884833739,0.0,0.1844079480940794,0.0222222222222222,0.3375951293759513,0.6401826484018265
interference,hindrance.n.02,5,hitch,interference hitch,0.0091454120516207,0.0271313890864749,0.1113707956508485,0.0944009755106188,0.7323442739558987,0.0106696473935575,0.0149375063509805,0.3221714865550482,0.3594114662607813,0.3184170471841704
ruth,,0,,ruth,0.0402963865205034,0.1612870483150629,0.4399106780349168,0.2988225740966301,0.0492285830288266,0.0081201786439301,0.0023345513601299,0.1987823439878234,0.6415017757483511,0.1597158802638254
ruth,ruth.n.01,1,Babe,ruth Babe,0.0152083544560478,0.0076041772280239,0.0607320287944844,0.1212612795295549,0.7344621311974044,0.0531278515664605,0.0076041772280239,0.5665144596651446,0.3770674784373414,0.0564180618975139
entrance,,0,,entrance,0.1532691332995438,0.170704510897111,0.0488596046629498,0.3981753674607197,0.1563101875316776,0.0039533705017739,0.068727825646224,0.1800101471334348,0.4540842212075088,0.3659056316590563
entrance,entrance.n.01,1,entry,entrance entry,0.277681748856126,0.035282155566853,0.0961870869344179,0.3185561769191662,0.2645653279105236,0.0015251652262328,0.0062023385866802,0.1055301877219685,0.452156265854896,0.4423135464231355
entrance,entrance.n.02,2,entering,entrance entering,0.1272246516831079,0.0645784602867893,0.175124580494254,0.2972643140445439,0.3254347605003559,0.0040679345062544,0.0063052984846943,0.2237442922374429,0.3842719431760528,0.3919837645865043
treatment,treatment.n.01,1,intervention,treatment intervention,0.0254039223656132,0.1411441926633472,0.1297632354435524,0.3055583782135961,0.3633777055177319,0.0305863225281983,0.0041662432679605,0.0531709791983764,0.254287163876205,0.6925418569254186
treatment,treatment.n.02,2,handling,treatment handling,0.0148148148148148,0.1081684424150177,0.3066463723997971,0.3542364282090309,0.2117706747843734,0.0012176560121765,0.0031456113647894,0.119736174530695,0.4557077625570776,0.4245560629122273
fallout,,0,,fallout,0.0207995129870129,0.1961241883116883,0.471387987012987,0.1504667207792207,0.1372767857142857,0.0212053571428571,0.002739448051948,0.2969051243023846,0.4667681380010147,0.2363267376966007
fallout,fallout.n.01,1,radioactive_dust,fallout radioactive dust,0.1286615134255492,0.108726606997559,0.2370829943043124,0.2168429617575264,0.1587672904800651,0.1017087062652563,0.0482099267697314,0.3985794013191273,0.5080669710806697,0.0933536276002029
back,,0,,back,0.2938311688311688,0.104301948051948,0.0111607142857142,0.0279017857142857,0.4866071428571428,0.0055803571428571,0.0706168831168831,0.0285134449518011,0.3035007610350076,0.6679857940131912
back,back.n.01,1,dorsum,back dorsum,0.0371607938436614,0.2166869177804779,0.2185095180234912,0.2387606318347509,0.2571891454029971,0.0211624139327663,0.010530579181855,0.0105530187721968,0.2666666666666666,0.7227803145611364
back,rear.n.05,2,rear,back rear,0.0549695740365111,0.7112576064908722,0.0598377281947261,0.0179513184584178,0.1168356997971602,0.0288032454361054,0.0103448275862068,0.1841704718417047,0.5296803652968036,0.2861491628614916
back,spinal_column.n.01,5,spine,back spine,0.0012193882735494,0.0207296006503404,0.3431561833147037,0.2753785184432476,0.3448836500355655,0.008535717914846,0.0060969413677471,0.0236428209030948,0.2017250126839168,0.7746321664129884
back,binding.n.05,6,cover,back cover,0.0639505422114117,0.0465186986926117,0.0050673963717441,0.0885780885780885,0.5269078747339617,0.2659369615891355,0.0030404378230465,0.124099441907661,0.3368848300355149,0.539015728056824
back,back.n.08,8,backrest,back backrest,0.005286701911346,0.0583570557137047,0.0160634404229361,0.0336518910126067,0.796563643757625,0.0887555917039446,0.0013216754778365,0.1176052765093861,0.3213597158802638,0.5610350076103501
consequence,,0,,consequence,0.0087353986795327,0.0356526155408837,0.0317927882173692,0.5545962417470798,0.2491620111731843,0.1179278821736922,0.0021330624682579,0.1303906646372399,0.378285134449518,0.491324200913242
consequence,consequence.n.01,1,event,consequence event,0.4288173349534224,0.011239368165249,0.133151073309032,0.1167476711219117,0.1299108950992304,0.0111381125961927,0.1689955447549615,0.3215626585489599,0.3582952815829528,0.3201420598680872
consequence,consequence.n.02,2,aftermath,consequence aftermath,0.0649178319893845,0.0797182811064611,0.1309584566704093,0.0790037766663264,0.5962029192609982,0.0362355823211187,0.0129631519853016,0.230441400304414,0.2407914764079147,0.5287671232876713
consequence,consequence.n.03,3,import,consequence import,0.0010181225819588,0.0175117084096925,0.0042761148442272,0.0440847077988189,0.9236408063530848,0.0074322948482997,0.0020362451639177,0.3513952308472856,0.1598173515981735,0.4887874175545408
blood,,0,,blood,0.6873353596757852,0.1106382978723404,0.0714285714285714,0.0052684903748733,0.0458966565349544,0.0157041540020263,0.0637284701114488,0.2786402841197362,0.311009639776763,0.4103500761035007
blood,rake.n.01,3,rip,blood rip,0.503052503052503,0.0696988196988197,0.0295075295075295,0.0065120065120065,0.0576923076923076,0.224053724053724,0.1094831094831094,0.2619989852866565,0.2820903094875697,0.4559107052257737
blood,lineage.n.01,4,line,blood line,0.1349310240660557,0.0495418386869398,0.053771020038264,0.2057194643036955,0.2140771322122646,0.1454032826502869,0.1965562380424932,0.6741755454084222,0.3258244545915779,0.0
belt,,0,,belt,0.0131057604388905,0.1403027532256426,0.333841308544143,0.1049476785532866,0.3946967387991466,0.0,0.0131057604388905,0.193607305936073,0.0972095383054287,0.7091831557584982
belt,knock.n.03,4,bang,belt bang,0.2896684578728581,0.0941904085977897,0.1883808171955794,0.049376457467302,0.3133934908242928,0.0578931359626888,0.0070972320794889,0.3136478944698123,0.4727549467275495,0.2135971588026382
belt,knock.n.05,7,rap,belt rap,0.0923482849604221,0.0633245382585752,0.0343007915567282,0.3746701846965699,0.3693931398416886,0.021108179419525,0.0448548812664907,0.3019786910197869,0.1516996448503297,0.5463216641298833
estate,,0,,estate,0.0034423407917383,0.0508251493368431,0.2618203908069252,0.3593196314670446,0.3157841449832945,0.0051635111876075,0.0036448314265465,0.2072044647387113,0.4949771689497717,0.297818366311517
estate,estate.n.02,2,land,estate land,0.0033539993901819,0.0165667242605955,0.4613273706677508,0.1361927025104177,0.3823559304807399,0.0,0.000203272690314,0.219583967529173,0.6841197361745307,0.0962962962962963
estate,estate_of_the_realm.n.01,3,of_the_realm,estate of the realm,0.0342590715588891,0.2095073991485911,0.2278532333265761,0.2208595175349685,0.2127508615446989,0.0,0.0947699168862761,0.2510400811770675,0.6400811770674785,0.108878741755454
appointment,,0,,appointment,0.0668828536684231,0.0361775435751925,0.0283745439805431,0.0313133360356708,0.8060397243615728,0.0093230644507498,0.0218889339278475,0.0529680365296803,0.5312024353120244,0.4158295281582952
appointment,appointment.n.01,1,naming,appointment naming,0.0024298876176976,0.0024298876176976,0.0258175559380378,0.0461678647362559,0.8785056191151159,0.0422192973574972,0.0024298876176976,0.0511415525114155,0.2034500253678335,0.7454084221207509
appointment,date.n.03,2,date,appointment date,0.0013211382113821,0.0317073170731707,0.0260162601626016,0.0512195121951219,0.880589430894309,0.0,0.0091463414634146,0.0676813800101471,0.3373921867072552,0.5949264332825976
appointment,appointment.n.03,3,fitting,appointment fitting,0.0141159744084492,0.0504722250431603,0.3402051386208998,0.0223418299989844,0.5704275413831624,0.0016248603635625,0.0008124301817812,0.1684424150177574,0.5758498224251649,0.2557077625570776
appointment,appointee.n.02,4,appointee,appointment appointee,0.0420679168778509,0.0723770907247846,0.004865686771414,0.0790674100354789,0.7772934617334009,0.0170299036999493,0.0072985301571211,0.0320649416539827,0.2219178082191781,0.7460172501268392
operations,,0,,operations,0.0012195121951219,0.0012195121951219,0.026930894308943,0.0419715447154471,0.8758130081300813,0.0382113821138211,0.0146341463414634,0.1230847285641806,0.2830035514967022,0.5939117199391172
operations,operations.n.01,1,trading,operations trading,0.0429310869785852,0.0159342332284583,0.0182685476504617,0.2268344666599005,0.4193646605094895,0.2693595859129199,0.0073074190601847,0.2974124809741248,0.4556062912227295,0.2469812278031456
operations,operation.n.01,2,operation,operations operation,0.0372022301064369,0.0017232640648758,0.0025342118601115,0.0519006588950836,0.8750126710593006,0.0073998986315255,0.0242270653826659,0.1615423642820903,0.3545408422120751,0.4839167935058346
boss,foreman.n.01,1,chief,boss chief,0.0496705524581855,0.1303598580841358,0.0503801317790167,0.0020273694880892,0.2706538266599088,0.4864673086670045,0.0104409528636594,0.250025367833587,0.2458650431253171,0.5041095890410959
boss,party_boss.n.01,4,party,boss party,0.069940022364542,0.2124631493341466,0.3343499034258412,0.2142929755006607,0.0562163261156856,0.0662803700315136,0.04645725322761,0.5076610857432775,0.2821917808219178,0.2101471334348046
boss,knob.n.01,5,knob,boss knob,0.0042544570502431,0.0452795786061588,0.1678484602917342,0.0889384116693679,0.5879254457050244,0.1029173419773095,0.002836304700162,0.1558599695585997,0.2300355149670218,0.6141045154743785
boss,bos.n.01,6,Bos,boss Bos,0.1966263591098465,0.4373539274463977,0.0627984960877959,0.0199166751346407,0.204145920130068,0.0338380245909968,0.045320597500254,0.3690512430238458,0.4111618467782851,0.2197869101978691
walk,,0,,walk,0.0097225035446627,0.3497062993720883,0.4214097630139761,0.122240226858416,0.0772736479643508,0.0135709945310917,0.0060765647154142,0.2714358193810248,0.4463723997970573,0.2821917808219178
walk,walk.n.05,5,paseo,walk paseo,0.0361641609101991,0.0709061357171881,0.1749288906948395,0.4369158878504673,0.2618854124339699,0.0096505485574969,0.009548963835839,0.5285641806189751,0.4714358193810248,0.0
walk,walk_of_life.n.01,7,of_life,walk of life,0.0232179226069246,0.0076374745417515,0.0346232179226069,0.2492871690427698,0.5805498981670061,0.0829938900203666,0.0216904276985743,0.1771689497716895,0.5832572298325723,0.2395738203957382
invention,,0,,invention,0.0014204545454545,0.1831371753246753,0.585836038961039,0.0455560064935064,0.1826298701298701,0.0,0.0014204545454545,0.1878234398782344,0.5015728056823947,0.3106037544393709
invention,invention.n.01,1,design,invention design,0.1178137651821862,0.0231781376518218,0.1378542510121457,0.0554655870445344,0.5186234817813765,0.0035425101214574,0.1435222672064777,0.0633181126331811,0.5002536783358701,0.4364282090309487
invention,invention.n.02,2,innovation,invention innovation,0.0442118101433072,0.0959447098282345,0.2286817766033133,0.0165667242605955,0.5294237219229596,0.0705356235389775,0.014635633702612,0.1768645357686453,0.3394216133942161,0.4837138508371385
breath,,0,,breath,0.0013215411202602,0.0357832672562773,0.4477991257497204,0.0578428382636982,0.4544068313510216,0.0018298261665141,0.0010165700925078,0.1211567732115677,0.3901572805682394,0.4886859462201928
breath,breath.n.03,3,breather,breath breather,0.0314631911210671,0.0564097342429487,0.0025455656246818,0.0388962427451379,0.8593829548925771,0.0,0.0113023113735872,0.0656519533231862,0.3810248604769152,0.5533231861998985
breath,hint.n.01,4,hint,breath hint,0.0146074254412659,0.2648610265773991,0.3427672955974842,0.0562994522215459,0.2924528301886792,0.026678839521201,0.0023331304524244,0.247995941146626,0.3258244545915779,0.426179604261796
mechanism,mechanism.n.01,1,chemical,mechanism chemical,0.0307084220127698,0.0028377419681767,0.341441167528124,0.0870578696665653,0.3469139556096078,0.145839667578798,0.0452011756359582,0.2078132927447996,0.1245053272450532,0.6676813800101471
earth,,0,,earth,0.0020308692120227,0.0038586515028432,0.0550365556458164,0.2080625507717303,0.6929325751421609,0.0350324939073923,0.0030463038180341,0.3580923389142567,0.2902080162354135,0.3516996448503298
earth,earth.n.01,1,globe,earth globe,0.0025319019647559,0.0263317804334616,0.0902369860239011,0.215414219161434,0.6533319829856188,0.0086084666801701,0.0035446627506582,0.102181633688483,0.3509893455098934,0.5468290208016235
earth,earth.n.02,2,ground,earth ground,0.0012169151201703,0.0073014907210222,0.09116722441943,0.2482506845147551,0.6466889767772032,0.0047662508873339,0.0006084575600851,0.1249112125824454,0.5410451547437849,0.3340436326737697
earth,land.n.04,3,land,earth land,0.0023336038961038,0.2077922077922078,0.2184456168831169,0.1230722402597402,0.4453125,0.002739448051948,0.0003043831168831,0.1822425164890918,0.6315575849822426,0.1861998985286656
earth,worldly_concern.n.01,6,world,earth world,0.0008116883116883,0.0073051948051948,0.0877637987012987,0.2308238636363636,0.6002435064935064,0.0724431818181818,0.0006087662337662,0.336986301369863,0.4135971588026382,0.2494165398274987
manufacturers,manufacturer.n.02,2,producer,manufacturers producer,0.3000202511138112,0.2212434183880113,0.019036046982584,0.0635884973673552,0.3828473066018631,0.0116443904414742,0.0016200891049007,0.1416539827498731,0.3993911719939117,0.4589548452562151
kansas,,0,,kansas,0.0081094779523568,0.0608210846426761,0.2932589964521034,0.0298023314749113,0.5918905220476431,0.0149011657374556,0.0012164216928535,0.3127346524606799,0.3944190766108574,0.2928462709284627
harris,,0,,harris,0.1060253164556962,0.2004050632911392,0.0515443037974683,0.0318987341772151,0.5127088607594936,0.0613670886075949,0.0360506329113924,0.5024860476915272,0.3181126331811263,0.1794013191273465
harris,harris.n.06,6,Benjamin,harris Benjamin,0.0525566737826573,0.5361390667886551,0.1259530344617261,0.0879333130019314,0.1594998475144861,0.0271424214699603,0.0107756429805835,0.5185185185185185,0.4814814814814814,0.0
considerations,circumstance.n.03,2,condition,considerations condition,0.0264732731514352,0.055685160766812,0.0521351049802211,0.2398823410082158,0.5561415965108023,0.0331676640632924,0.036514859519221,0.2098427194317605,0.3145611364789447,0.4755961440892948
wash,,0,,wash,0.0497714575926866,0.2251904520060944,0.0180802437785678,0.2782122905027933,0.4083291010665312,0.0073133570340274,0.0131030980192991,0.0477929984779299,0.3868087265347539,0.5653982749873161
brother,,0,,brother,0.0881486747232659,0.2337767848075556,0.1958972275820046,0.0132019904539453,0.4405402660708845,0.023357367726211,0.0050776886361328,0.2194824961948249,0.2800608828006088,0.5004566210045662
brother,brother.n.01,1,blood,brother blood,0.2257703650971219,0.1303773009254551,0.1527509407098545,0.0452557713820807,0.2925861893623512,0.0457642631953625,0.1074951693277738,0.5914764079147641,0.1857940131912734,0.2227295788939624
brother,buddy.n.01,3,pal,brother pal,0.1270971021860701,0.0603965429588205,0.1479410269445856,0.1241484494153533,0.4898830706659888,0.0246059989832231,0.0259278088459583,0.2574327752409944,0.4104515474378488,0.3321156773211567
brother,brother.n.04,4,comrade,brother comrade,0.1286425017768301,0.2061122956645344,0.2749517717534775,0.0089349172504822,0.3214539547162148,0.0024367956137678,0.0574677632246928,0.2698122780314561,0.5690512430238458,0.1611364789446981
facilities,,0,,facilities,0.1381891755184623,0.1482043500252908,0.1475973697521497,0.186848760748609,0.3742033383915022,0.0008093070308548,0.004147698533131,0.1878234398782344,0.3257229832572298,0.4864535768645358
town,town.n.02,2,townsfolk,town townsfolk,0.091213474025974,0.1182021103896103,0.0500202922077922,0.0934456168831168,0.5021306818181818,0.0543831168831168,0.0906047077922077,0.4703196347031963,0.3714865550481989,0.1581938102486047
town,town.n.04,4,Ithiel,town Ithiel,0.0621961102106969,0.3399513776337115,0.2462520259319287,0.014384116693679,0.2211304700162074,0.0968395461912479,0.0192463533225283,0.658853373921867,0.3411466260781329,0.0
branch,,0,,branch,0.0007114544160991,0.1098688891147474,0.0950299827218213,0.7275129586340076,0.0654538062811261,0.0007114544160991,0.0007114544160991,0.047894469812278,0.252156265854896,0.699949264332826
branch,branch.n.03,3,leg,branch leg,0.0042574759249873,0.0619361378611251,0.2835276229092752,0.3137354282818043,0.3280283831728332,0.0042574759249873,0.0042574759249873,0.2406900050735667,0.3916793505834601,0.3676306443429731
branch,outgrowth.n.01,4,offset,branch offset,0.0118481012658227,0.0118481012658227,0.1805569620253164,0.6841518987341773,0.1058227848101265,0.0022278481012658,0.0035443037974683,0.123896499238965,0.2091324200913242,0.6669710806697108
origin,,0,,origin,0.0858920738549423,0.2679791900438641,0.2614505763541773,0.0344792410486585,0.2671631133326532,0.0346832602264612,0.048352545139243,0.2889903602232369,0.3219685438863521,0.3890410958904109
origin,beginning.n.04,1,root,origin root,0.0097028502122498,0.0066707095209217,0.1630280978370729,0.1244188397008287,0.5150596321002627,0.1745502324641196,0.0065696381645441,0.0061897513952308,0.2658548959918823,0.7279553526128869
origin,origin.n.02,2,descent,origin descent,0.0426029486527707,0.3353329944077275,0.5670564311133706,0.0030503304524656,0.049415353329944,0.0015251652262328,0.0010167768174885,0.191374936580416,0.5933028919330289,0.215322171486555
foot,foot.n.01,1,pes,foot pes,0.0030481609428977,0.0154440154440154,0.4542775858565332,0.2033123348912822,0.3208697419223735,0.0,0.0030481609428977,0.0069000507356671,0.1073566717402333,0.8857432775240994
foot,foundation.n.03,5,base,foot base,0.1469515900344338,0.0741340895280534,0.2554182702045777,0.1562689892647356,0.3038282357707109,0.0145837553169941,0.0488150698804942,0.1748351090816844,0.3778792491121258,0.4472856418061897
foot,foot.n.06,6,invertebrate,foot invertebrate,0.0924012158054711,0.2026342451874366,0.0432624113475177,0.0491388044579533,0.6011144883485309,0.0090172239108409,0.0024316109422492,0.2790461694571283,0.3731100963977676,0.347843734145104
foot,infantry.n.01,9,infantry,foot infantry,0.1441652253535456,0.0954318852375623,0.3015566181707193,0.1964594567097365,0.2410214670871909,0.0,0.0213653474412452,0.2308472856418061,0.3574835109081684,0.4116692034500254
violence,,0,,violence,0.6390070921985815,0.2484295845997973,0.0223910840932117,0.0036474164133738,0.0448834853090172,0.0008105369807497,0.0408308004052684,0.239167935058346,0.3846778285134449,0.376154236428209
construction,,0,,construction,0.0336338770134738,0.1730321142741363,0.1326106777428831,0.0674703677438962,0.5756255698510789,0.009218924121163,0.0084084692533684,0.1906646372399797,0.4988330796549974,0.3105022831050228
construction,construction.n.06,6,twist,construction twist,0.0003054367745876,0.0063123600081449,0.0124210954998981,0.016188149053146,0.9358582773365912,0.0114029729179393,0.0175117084096925,0.1534246575342465,0.615220700152207,0.2313546423135464
shadow,,0,,shadow,0.0986201298701298,0.0924310064935065,0.0800527597402597,0.1851663961038961,0.3634334415584415,0.1356534090909091,0.0446428571428571,0.2484018264840182,0.3312024353120243,0.4203957382039573
shadow,darkness.n.02,2,dark,shadow dark,0.4387403807209396,0.048602673147023,0.0220737140542729,0.0619684082624544,0.0613608748481166,0.2896921830700688,0.0775617658971243,0.5410451547437849,0.2112633181126331,0.2476915271435819
shadow,apparition.n.03,3,fantasm,shadow fantasm,0.0954120990661794,0.0400933820544052,0.1337799431587495,0.1223101908241981,0.478481526593585,0.087088915956151,0.0428339423467316,0.7921867072552004,0.2078132927447996,0.0
shadow,trace.n.02,5,trace,shadow trace,0.0954407294832826,0.0126646403242147,0.1204660587639311,0.1416413373860182,0.5544072948328268,0.051063829787234,0.0243161094224924,0.3679350583460172,0.4226281075596144,0.2094368340943683
shadow,tail.n.05,8,tail,shadow tail,0.2875379939209726,0.1295845997973657,0.1480243161094225,0.0556231003039513,0.2013171225937183,0.022289766970618,0.1556231003039513,0.1472349061390157,0.7542364282090309,0.0985286656519533
path,way.n.05,1,way,path way,0.0191431175934366,0.0099260609743745,0.0886255444140585,0.8307505317532665,0.043958270029373,0.0008102906917856,0.006786184543705,0.2230339928970066,0.5503805175038051,0.2265854895991882
path,path.n.04,4,track,path track,0.0176470588235294,0.0343813387423935,0.0888438133874239,0.4956389452332657,0.3272819472616632,0.0350912778904665,0.0011156186612576,0.1269406392694063,0.217453069507864,0.6556062912227296
clay,,0,,clay,0.0786631342979417,0.2485225188506215,0.1686366415325045,0.168432851029142,0.1864683105767271,0.0744854289790095,0.0747911147340534,0.0724505327245053,0.4569254185692541,0.4706240487062404
clay,mud.n.01,2,mud,clay mud,0.0075410170182411,0.571486803220218,0.2805462142056455,0.0519718740446346,0.0616529094058901,0.0227249566901049,0.0040762254152654,0.260882800608828,0.6812785388127854,0.0578386605783866
clay,clay.n.03,3,Lucius,clay Lucius,0.1473363774733637,0.3194317605276509,0.0483003551496702,0.019583967529173,0.3704718417047184,0.0040588533739218,0.0908168442415017,0.4324708269913749,0.4444444444444444,0.1230847285641806
clay,clay.n.04,4,Henry,clay Henry,0.0484953233021553,0.2815168767791785,0.2373932492883285,0.0802155347702318,0.3056120374135828,0.0330418869459129,0.01372509150061,0.271841704718417,0.4951801116184677,0.2329781836631151
clay,cadaver.n.01,5,stiff,clay stiff,0.0047628698824483,0.7287190920145926,0.1183623834616943,0.0208755573571139,0.1099513579246047,0.0008107012565869,0.016518038102959,0.1846778285134449,0.3840690005073566,0.4312531709791983
sand,,0,,sand,0.0654139156932453,0.2356526155408837,0.6005078720162519,0.0134078212290502,0.0793296089385474,0.0,0.0056881665820213,0.1730086250634195,0.6681887366818874,0.158802638254693
sand,sand.n.02,2,George,sand George,0.0108497262218616,0.0963293449604542,0.1704522409247617,0.0454268910971405,0.6514905698641249,0.0199756641654836,0.0054755627661731,0.6092338914256723,0.3907661085743277,0.0
sand,backbone.n.02,3,grit,sand grit,0.132603406326034,0.2740267639902676,0.5612327656123277,0.0039537712895377,0.0263584752635847,0.0,0.0018248175182481,0.1374936580416032,0.5874175545408422,0.2750887874175545
journal,daybook.n.01,3,daybook,journal daybook,0.0654973131907127,0.0163236337828246,0.021088918179053,0.3051809794180269,0.5869410929737402,0.0,0.0049680624556423,0.0865550481988838,0.4484018264840183,0.4650431253170979
effects,,0,,effects,0.0175902389425521,0.0703609557702084,0.1031011692933401,0.0911032028469751,0.4928317234367056,0.1560752414844941,0.0689374682257244,0.5697615423642821,0.4055809233891426,0.0246575342465753
effects,effect.n.05,6,force,effects force,0.0198420732941891,0.0486940676250253,0.0556792873051225,0.05416076128771,0.8125126543834784,0.0045555780522372,0.0045555780522372,0.017554540842212,0.3444951801116184,0.6379502790461694
tom,tom.n.01,1,Uncle,tom Uncle,0.0991777484519338,0.2635265455283727,0.3024058471221196,0.1465841031367374,0.1433357019591919,0.0300477108922951,0.0149223429093493,0.486960933536276,0.4911212582445459,0.021917808219178
tom,tom.n.02,2,tomcat,tom tomcat,0.0813082219522073,0.2330903199675982,0.2620494127176995,0.0596395301741595,0.3109558525718914,0.0084042122316727,0.0445524503847711,0.4692034500253678,0.5307965499746322,0.0
arthur,,0,,arthur,0.2731246188249644,0.1753405163651148,0.3350274446025615,0.0362878633868672,0.1641593819882089,0.0036592803415328,0.0124008944907501,0.0839167935058346,0.6291222729578894,0.286960933536276
arthur,arthur.n.02,2,King,arthur King,0.3458295235192523,0.3418673168749365,0.2222899522503302,0.0177791323783399,0.0614650005079752,0.0048765620237732,0.0058925124453926,0.4138001014713343,0.367427701674277,0.2187721968543886
block,,0,,block,0.1283400809716599,0.0734817813765182,0.1236842105263157,0.1317813765182186,0.2080971659919028,0.2935222672064777,0.0410931174089068,0.3260273972602739,0.5467275494672755,0.1272450532724505
block,block.n.03,3,cube,block cube,0.4024588498272708,0.3487096118675066,0.0308880308880308,0.1310709205446047,0.0547652916073968,0.0,0.03210729526519,0.0331811263318112,0.3178082191780822,0.6490106544901065
block,auction_block.n.01,11,auction,block auction,0.1968927701056051,0.3968318440292445,0.098395613322502,0.0713850528025995,0.1771933387489845,0.015536149471974,0.0437652315190901,0.2725520040588534,0.5697615423642821,0.1576864535768645
climate,,0,,climate,0.0075027881983169,0.141539085470952,0.1858460914529048,0.1320085166784954,0.5229646152286322,0.0085166784953867,0.0016222244753117,0.1391171993911719,0.5402333840690005,0.3206494165398275
climate,climate.n.02,2,mood,climate mood,0.0445549578808484,0.072160763219324,0.1961839033796813,0.137826042829595,0.4420988531411752,0.0614026184918299,0.0457728610575459,0.1647894469812278,0.6530695078640284,0.1821410451547437
expression,,0,,expression,0.0469526417199067,0.3236994219653179,0.03214684109116722,0.15819896562214786,0.16225534935604907,0.2624480275834094,0.014298752662001825,0.21227803145611365,0.4939624556062912,0.2937595129375951
expression,saying.n.01,4,saying,expression saying,0.09550447518307567,0.09235150528885272,0.037021969080553295,0.1450366151342555,0.5314279902359642,0.02756305939788446,0.07109438567941416,0.25469304921359714,0.18711314053779807,0.5581938102486048
treatment,,0,,treatment,0.05913978494623656,0.12182998579833637,0.004057618178129438,0.05406776222357476,0.5218096977074457,0.04453235950497058,0.19456279164130655,0.0943683409436834,0.5518011161846779,0.3538305428716388
belt,swath.n.02,5,swath,belt swath,0.0844899199675818,0.11326106777428832,0.5873771654340999,0.053895248708337555,0.14821193394792828,0.007091480093202309,0.0056731840745618475,0.16905124302384578,0.32014205986808725,0.5108066971080669
boss,boss.n.02,2,hirer,boss hirer,0.047749391727493914,0.04065287915652879,0.3126520681265207,0.09316707218167072,0.44282238442822386,0.030008110300081103,0.03294809407948094,0.4481988838153222,0.4080162354134957,0.14378488077118215
mechanism,,0,,mechanism,0.1272616385444196,0.6266517584874974,0.03801585688147997,0.058650132140679,0.13834112624517178,0.00863996747306363,0.002439520227688555,0.02201927955352613,0.33749365804160325,0.6404870624048706
hope,,0,,hope,0.03905853708024754,0.4414121943796287,0.17662574819924926,0.13553819620574212,0.12904534848331134,0.0622907578370701,0.01602921781475094,0.6720446473871131,0.3279553526128869,0.0
hope,promise.n.02,3,promise,hope promise,0.12207713331308837,0.15042008300435267,0.1721834193744306,0.10750075918615244,0.24921550764247394,0.09413908290312785,0.10446401457637412,0.1293759512937595,0.28340943683409436,0.5872146118721461
hope,hope.n.05,5,Bob,hope Bob,0.04550071094860857,0.017062766605728214,0.22313629900467194,0.12573633963030673,0.5486491976437132,0.011375177737152143,0.028539508429819217,0.3284627092846271,0.6715372907153729,0.0
kansas,kansas.n.01,1,KS,kansas KS,0.03233654333502281,0.267410035478966,0.10805879371515459,0.09346173340091232,0.33867207298530155,0.1498226051697922,0.010238215914850482,0.30705225773718925,0.4445459157787925,0.24840182648401826
harris,harris.n.01,1,Joel,harris Joel,0.020924327069578467,0.2176739461655663,0.024581005586592177,0.06551549009649568,0.6578974098527172,0.009751142712036566,0.0036566785170137127,0.26159309994926433,0.380416032470827,0.35799086757990867
harris,harris.n.02,2,Zellig,harris Zellig,0.013531386712788687,0.008851358225658764,0.010987892969783294,0.05076813511038763,0.8773018618374199,0.02970800691830298,0.008851358225658764,0.25540334855403346,0.48838153221714864,0.25621511922881784
considerations,consideration.n.01,1,consideration,considerations consideration,0.00740891099157617,0.013396934943671978,0.00740891099157617,0.007713386785750533,0.5087790520653608,0.09418451233126966,0.3611082918907947,0.5225773718924404,0.2393708777270421,0.2380517503805175
wash,wash.n.02,2,washing,wash washing,0.0650208269836432,0.20197094381794167,0.08005689322361069,0.16681905922990958,0.4591079955298181,0.013308950523214466,0.013715330691862237,0.13526128868594622,0.5275494672754947,0.3371892440385591
wash,wash.n.06,6,drawing,wash drawing,0.11499745805795628,0.18668022369089984,0.1624809354346721,0.11743772241992882,0.28744280630401625,0.03243518047788511,0.09852567361464158,0.07924911212582446,0.36468797564687977,0.5560629122272958
facilities,adeptness.n.01,2,deftness,facilities deftness,0.0006098800569221387,0.09971538930676967,0.09473470217523887,0.14484651351900793,0.6533848343159179,0.006403740597682455,0.00030494002846106935,0.06301369863013699,0.4968036529680365,0.44018264840182647
town,,0,,town,0.067376966007103,0.1301877219685439,0.16448503297818368,0.07620497209538306,0.523896499238965,0.0032470826991374937,0.034601725012683916,0.13262303399289702,0.5024860476915272,0.36489091831557585
violence,violence.n.01,1,force,violence force,0.17923287116688594,0.09280437202712276,0.42576662281145633,0.1652666734136221,0.09503086732112134,0.004857807914178727,0.037040785345612795,0.34358193810248605,0.5309994926433282,0.12541856925418568
violence,ferocity.n.01,2,fury,violence fury,0.04918032786885246,0.0553531673750253,0.51183970856102,0.0635498886865007,0.29154017405383525,0.021048370775146732,0.00748836267961951,0.26139015728056825,0.48817858954845256,0.2504312531709792
