query_word,K_evaluated,within_word_spread,bare_to_nearest_sense,bare_to_mean_sense,K
conception,3.0,0.25340220044757145,0.097965876094256,0.11572294882188716,4
van,2.0,0.1624698772435863,0.09456932591487455,0.1607679073059496,5
expression,5.0,0.2459478482105597,0.1679943251537449,0.2654636258915939,9
center,5.0,0.49262278200524023,0.045914724531559425,0.04367250489637753,18
interference,3.0,0.24584462175844302,0.026501352014304813,0.06879714615456556,5
ruth,1.0,,0.4837666281521755,0.4837666281521755,4
entrance,2.0,0.041794866518228724,0.05312940189434989,0.04855608150984314,3
treatment,2.0,0.1143441976986369,0.21901540667150843,0.2002502392547706,4
fallout,1.0,,0.09389821789964548,0.09389821789964548,2
back,5.0,0.5593399150250413,0.09524029009325075,0.07854579436123832,9
consequence,3.0,0.4728294639007681,0.2540822882295596,0.2697866111056766,3
blood,2.0,0.42017166320165866,0.051572779517027434,0.1714633727741418,5
belt,3.0,0.3414997939007307,0.13623071566703948,0.10725561975687437,7
estate,2.0,0.07980184002577728,0.09113412846295721,0.07704011657380416,3
appointment,4.0,0.2490151226748346,0.03233829255463472,0.03512874953017442,6
operations,2.0,0.18500346627473663,0.008799014581808984,0.05550902870971064,12
boss,5.0,,,,6
walk,2.0,0.21958983452589553,0.28187711796336534,0.2883089102263636,7
invention,2.0,0.05475157394713448,0.20883100659970455,0.22307830783644966,3
breath,2.0,0.2549273914759873,0.07127177726771494,0.0682561779791303,5
mechanism,1.0,,0.3638972762101548,0.3638972762101548,5
earth,4.0,0.18469669938302413,0.021550458223315694,0.05168612033665776,7
manufacturers,1.0,,,,2
kansas,1.0,,0.11431192307391602,0.11431192307391602,6
harris,3.0,0.4698426720477219,0.08061835797807415,0.03908771410229772,6
considerations,2.0,,,,6
wash,2.0,0.0938217855690543,0.04997237038933755,0.03554585314043912,8
brother,3.0,0.2249986539765768,0.07259098717659418,0.10169376447922407,5
facilities,1.0,,0.08138118862863764,0.08138118862863764,5
town,2.0,0.1623791583148625,0.13676507455113251,0.23531708091725134,4
branch,2.0,0.18163866585098365,0.012797112901223318,0.06397642186042662,6
origin,2.0,0.517470276361801,0.16467362557924892,0.06458352354495511,6
foot,4.0,,,,11
violence,2.0,0.07075099835071463,0.3458530908702362,0.39460847837465973,3
construction,1.0,,0.05902207283435257,0.05902207283435257,7
shadow,4.0,0.4956351528399572,0.08861726761973887,0.1382650787907045,9
path,2.0,,,,4
clay,4.0,0.2573987901635869,0.10817936133241424,0.1451383453643943,5
sand,2.0,0.5041327275268043,0.01685929900521821,0.11253745771906254,3
journal,1.0,,,,5
effects,1.0,,0.40010385434425966,0.40010385434425966,7
tom,2.0,,,,3
arthur,1.0,,0.1718359266968703,0.1718359266968703,2
block,2.0,0.2831818474980726,0.15277156531209024,0.2643546420965942,12
climate,1.0,,0.03317305035147322,0.03317305035147322,2
hope,2.0,0.42028356586197935,0.33925717175393144,0.35030564762694616,6
