concept,kind,source,top_human,top_ours,top1_match,cos_10d,cos_chrom7,cos_achrom3,pearson_10d,spearman_10d
Avocado,fruit,fresh_scrape,black,yellow,0,0.7548491000001895,0.6312313931199789,0.9273188963180716,0.5085588016250361,0.6121212121212121
Blueberry,fruit,fresh_scrape,black,grey,0,0.8486217462520342,0.7160377954925038,0.9475196524877384,0.5573073869459068,0.4787878787878787
Cantaloupe,fruit,fresh_scrape,grey,yellow,0,0.885186447117309,0.9013201784158269,0.8985772603411238,0.7372765093372974,0.6969696969696969
Grapefruit,fruit,fresh_scrape,grey,white,0,0.8791077680967918,0.8295095779886599,0.9037993243994064,0.5889739014377435,0.5515151515151515
Honeydew,fruit,fresh_scrape,grey,yellow,0,0.7924123047019318,0.6878947621704471,0.9598245650641579,0.630928129509652,0.6969696969696969
Lemon,fruit,corpus,grey,yellow,0,0.8612127961551652,0.8734268511174175,0.8994970794236511,0.8225490162657363,0.8909090909090909
Lime,fruit,corpus,green,green,1,0.9384138961757502,0.9345611591645187,0.9660871200844521,0.931252551312012,0.9141792475183746
Mango,fruit,corpus,grey,grey,1,0.8882291686983613,0.770854775257936,0.9731190189282706,0.7749272523349425,0.709090909090909
Orange,fruit,corpus,grey,grey,1,0.8789528614550555,0.9202752352460616,0.8540073861831037,0.859484403613782,0.7659609850368815
Raspberry,fruit,corpus,grey,grey,1,0.7910320291765253,0.5304629978332506,0.9492673994304458,0.4751711308035842,0.3939393939393939
Strawberry,fruit,corpus,black,grey,0,0.7980289270942336,0.6007561347546017,0.936749038187914,0.46579876047062296,0.5151515151515151
Watermelon,fruit,fresh_scrape,grey,grey,1,0.9014819070450035,0.8186824435143648,0.9552141974491284,0.6814273342743126,0.6969696969696969
Compost,material,fresh_scrape,black,orange,0,0.8295089636324021,0.7839308646321059,0.879257034145543,0.5848622301678665,0.6969696969696969
Glass,material,corpus,grey,blue,0,0.8418534784378747,0.7689272608434993,0.9203721187267072,0.6593456776310136,0.8909090909090909
Metal,material,corpus,black,grey,0,0.8823972279881984,0.7908403188393777,0.9236433416343894,0.6709796903060264,0.5878787878787878
Paper,material,corpus,grey,white,0,0.8252028687654471,0.8152557992896118,0.8312332968306444,0.5504152949785857,0.5878787878787878
Plastic,material,fresh_scrape,grey,grey,1,0.9653110783392098,0.9069372551895674,0.9985407235066993,0.8813587025579007,0.7939393939393938
Trash,material,fresh_scrape,black,blue,0,0.7830739336120368,0.710859023803859,0.8427227152964863,0.42463160574106645,0.4666666666666666
