word,our_top1,lex_name,lex_bin,img_name,img_bin,img_R,img_G,img_B,setlur_final_name,setlur_final_bin,setlur_stage
effeminate,grey,,,grey,grey,109.6273712737129,92.93947606142726,84.7222222222223,grey,grey,image
anchor,blue,,,charcoal,black,34.1458003169571,41.21605916534601,49.66085578446903,charcoal,black,image
fly,green,green,green,,,,,,green,green,lexical
rehearsal,black,,,cream,yellow,208.69299221357056,211.09047089358546,171.16462736373742,cream,yellow,image
bluish,blue,green,green,,,,,,green,green,lexical
line,green,,,white,grey,234.18777892207333,237.48403707518025,231.5732921386881,white,grey,image
archer,grey,,,lavender,purple,116.5291750503018,140.18779342723005,215.92689470154258,lavender,purple,image
proclamation,yellow,,,silver,grey,206.81168384879683,185.75085910652956,156.3501718213059,silver,grey,image
pygmy,grey,,,silver,grey,200.94610485056356,226.0254777070067,228.51690347868623,silver,grey,image
honeysuckle,green,yellow,yellow,,,,,,yellow,yellow,lexical
group,blue,,,white,grey,221.10434782608706,227.31884057971,223.84927536231902,white,grey,image
sterile,blue,,,grey,grey,102.5713708046909,91.08734330772359,47.77961989486446,grey,grey,image
sensation,grey,,,grey,grey,99.45458593054356,90.55699020480826,81.59439002671431,grey,grey,image
mark,blue,,,charcoal,black,27.430620155039165,40.791472868217255,58.97325581395369,charcoal,black,image
approve,white,,,silver,grey,206.12665343915347,199.10879629629628,176.942791005291,silver,grey,image
mother,grey,,,white,grey,234.52220577350084,234.24537379718714,233.83900814211688,white,grey,image
outstretched,blue,,,charcoal,black,40.57780533167974,39.20706757594574,39.867327960322335,charcoal,black,image
ribbed,white,,,silver,grey,173.37560270009635,172.5424300867888,163.59546769527464,silver,grey,image
iridescent,grey,,,white,grey,237.8737113402064,238.51965206185537,239.75161082474233,white,grey,image
candle,black,black,black,,,,,,black,black,lexical
topaz,grey,yellow,yellow,,,,,,yellow,yellow,lexical
twitch,purple,,,grey,grey,138.40982168956424,101.30283542823742,112.85939783688963,grey,grey,image
manifold,white,,,white,grey,214.6537904394017,230.9222597778855,239.47851279575133,white,grey,image
powerful,grey,,,charcoal,black,69.48166460651021,78.4907292954265,98.9798104655955,charcoal,black,image
naturally,green,,,black,black,22.73321858864022,29.616179001721257,27.31325301204813,black,black,image
sable,grey,black,black,,,,,,black,black,lexical
dual,green,,,grey,grey,141.15291051259769,157.31711555169426,163.198523023458,grey,grey,image
dismiss,blue,,,ivory,white,236.66896705253788,231.4590382902935,214.7435440783611,ivory,white,image
geranium,grey,lemon,yellow,,,,,,lemon,yellow,lexical
chisel,white,,,silver,grey,209.14031770045335,215.05370650529508,214.2530257186083,silver,grey,image
hemlock,green,forest,green,,,,,,forest,green,lexical
nay,blue,,,grey,grey,122.87128712871285,119.83875530410185,107.66478076379067,grey,grey,image
valley,grey,,,silver,grey,212.93604951005696,221.34863331614247,226.16348633316127,silver,grey,image
discontent,blue,,,grey,grey,156.77755670513326,133.67329884600085,107.84003183446076,grey,grey,image
blister,grey,,,white,grey,236.4884792626731,236.16333845366063,236.65949820788467,white,grey,image
torture,black,,,grey,grey,128,128,128,grey,grey,image_fail
hardy,grey,,,white,grey,232.25752051048295,225.07930720145862,225.41978122151357,white,grey,image
ooze,green,,,grey,grey,159.92641843971634,159.67996453900707,144.7938829787233,grey,grey,image
spin,grey,,,white,grey,238.0606060606061,238.0606060606061,238.0606060606061,white,grey,image
screen,grey,white,grey,,,,,,white,grey,lexical
landlord,grey,,,mustard,yellow,228.53739511127333,217.63298066399125,97.96570594673484,mustard,yellow,image
rarely,blue,,,charcoal,black,63.371050384286846,67.96199829205842,51.09436379163097,charcoal,black,image
swarm,grey,,,silver,grey,218.1114649681526,215.5991242038215,207.7655254777069,silver,grey,image
lane,grey,,,grey,grey,134.01666666666665,134.30595238095242,137.60952380952378,grey,grey,image
vanish,white,,,grey,grey,131.12658227848098,107.80679546968699,78.32844770153235,grey,grey,image
merge,blue,,,grey,grey,128,128,128,grey,grey,image_fail
pirate,grey,,,ivory,white,221.02873030583913,224.1445783132533,217.30213160333685,ivory,white,image
furiously,white,,,ivory,white,224.50685947348944,221.91842788283302,210.6514645902854,ivory,white,image
dissolve,blue,,,silver,grey,184.3700440528636,188.7161736941475,181.2479546884835,silver,grey,image
heavens,blue,,,charcoal,black,74.96660194174748,66.20737864077651,60.83999999999986,charcoal,black,image
unreal,blue,,,rust,orange,168.3504176157934,82.21374335611239,33.14388762338657,rust,orange,image
middle,grey,,,charcoal,black,50.863839285714405,60.48571428571401,52.71294642857154,charcoal,black,image
cellar,orange,,,grey,grey,132.50457951706915,97.72647793505412,78.88134887593657,grey,grey,image
royal,black,purple,purple,,,,,,purple,purple,lexical
fragrance,grey,,,grey,grey,111.22066014669936,106.48655256723717,93.63753056234717,grey,grey,image
nursery,grey,orange,orange,,,,,,orange,orange,lexical
heroism,grey,,,silver,grey,216.2306248323945,221.35961383749003,225.3521051220165,silver,grey,image
affair,grey,,,white,grey,235.60157334567282,232.8981952799632,231.77695511337276,white,grey,image
egg,grey,,,silver,grey,185.14129643117272,174.64384559359064,153.68754552075748,silver,grey,image
fleet,blue,navy,purple,,,,,,navy,purple,lexical
weapon,blue,,,white,grey,243.19489027186364,238.96691778578443,237.5250573206681,white,grey,image
lesson,grey,,,white,grey,237.1603773584906,234.15902964959568,233.9056603773586,white,grey,image
begin,grey,,,charcoal,black,45.39850391023462,44.17817069024111,43.509010540632296,charcoal,black,image
dexter,grey,,,silver,grey,219.18882544861384,213.69086460032594,215.06484502446975,silver,grey,image
track,grey,,,grey,grey,128,128,128,grey,grey,image_fail
unique,grey,,,grey,grey,128,128,128,grey,grey,image_fail
scorn,black,,,black,black,50.76180101670299,39.8079157588963,23.654320987654266,black,black,image
sizzle,orange,,,white,grey,239.5148870636551,237.64065708418877,237.76386036960957,white,grey,image
knight,black,black,black,,,,,,black,black,lexical
gladiator,grey,,,black,black,55.279809220985534,15.539745627980878,13.163751987281223,black,black,image
rebuke,grey,,,ivory,white,236.6299083769639,236.18782722513006,215.65445026177963,ivory,white,image
stormy,grey,,,black,black,43.19959812458126,37.687876758204865,27.592431346282737,black,black,image
admire,white,,,silver,grey,223.16098226466565,219.8558435652571,218.58844929513452,silver,grey,image
twill,grey,,,ivory,white,232.43144918821383,232.18580877931512,223.28141912206857,ivory,white,image
bitterly,blue,,,white,grey,228.19742634608912,229.17439891635593,226.76295292922384,white,grey,image
expand,blue,,,white,grey,232.7172355667926,233.23303834808192,230.61441213653683,white,grey,image
pearl,white,white,grey,,,,,,white,grey,lexical
grave,grey,,,ivory,white,229.80958493795453,223.6812152332048,213.90757381257995,ivory,white,image
bouquet,white,,,grey,grey,128,128,128,grey,grey,image_fail
pathetic,grey,,,cream,yellow,234.44104803493414,234.74417758369685,201.40975254730716,cream,yellow,image
dust,grey,,,white,grey,222.50290810391658,223.50949980612657,234.0903450949979,white,grey,image
prelude,grey,,,forest,green,141.16666666666666,196.33333333333334,38.33333333333333,forest,green,image
snowflake,blue,white,grey,,,,,,white,grey,lexical
venerable,yellow,,,grey,grey,90.71497418244402,85.82065404475043,68.40826161790015,grey,grey,image
radiance,grey,white,grey,,,,,,white,grey,lexical
piano,grey,,,silver,grey,183.25344352617086,184.66225895316808,178.7840220385674,silver,grey,image
gold,yellow,gold,yellow,,,,,,gold,yellow,lexical
tempt,white,,,red,red,254.68901495616294,0.7833935018045821,0.7764311500766752,red,red,image
luck,green,,,black,black,21.646508519880427,21.038422986970147,19.905111927832067,black,black,image
gala,grey,,,grey,grey,114.37886597938137,140.39948453608253,94.53651202749143,grey,grey,image
rout,grey,,,ivory,white,229.6809148856396,225.67379077615328,213.53093363329617,ivory,white,image
poet,grey,,,charcoal,black,83.08631153068126,90.38503034389755,84.03472690492237,charcoal,black,image
artist,grey,,,silver,grey,220.3405830633962,223.3530772790382,220.67653863951904,silver,grey,image
alley,black,,,grey,grey,128,128,128,grey,grey,image_fail
fatigue,blue,,,white,grey,236.22639691714812,232.83092485549122,231.9633911368016,white,grey,image
blessed,white,,,silver,grey,209.81176470588267,203.97904411764722,202.28860294117675,silver,grey,image
aching,grey,,,white,grey,231.64208548614405,228.80084546735574,228.64490371066233,white,grey,image
clash,grey,,,crimson,red,214.7123005661348,35.202779207411254,49.79670612454966,crimson,red,image
weird,grey,,,charcoal,black,77.69457364341083,80.93023255813952,74.98294573643416,charcoal,black,image
gigantic,grey,,,black,black,37.16084337349392,25.45180722891562,21.730421686746745,black,black,image
