alpha,color,delta,se,delta_default,sign_preserved
0.0,red,-0.08588920511869169,0.07179367420983544,-0.00381929420290307,True
0.0,orange,-0.015214041976705464,0.015279016808769141,0.00017199318672567188,False
0.0,yellow,-0.05987937836840482,0.06338795243425543,0.0115122879221492,False
0.0,green,-0.019776683730711675,0.05904119864055617,0.009475873246271527,False
0.0,blue,0.17989072998631953,0.03785142251045369,-0.013063337660232821,False
0.0,purple,0.01934665053793852,0.03513789961482986,-0.002730087968756227,False
0.0,pink,-0.01847807132974435,0.014699917495980912,-0.001547434523252067,True
0.0,black,-0.04714093653772444,0.03616500811995568,-0.024819581541836555,True
0.0,grey,-0.04287621272497932,0.028654492233123514,0.005625298864273098,False
0.0,white,0.09001714926270371,0.02658240131892511,0.019194282677562402,True
0.1,red,0.001473740054960801,0.005241581144894397,-0.00381929420290307,False
0.1,orange,-0.015096652284702014,0.002516191191226225,0.00017199318672567188,False
0.1,yellow,0.011062699931525699,0.0047777022844369636,0.0115122879221492,True
0.1,green,0.008071009859654782,0.0044921344162506364,0.009475873246271527,True
0.1,blue,-0.010799901498280695,0.005347056945834667,-0.013063337660232821,True
0.1,purple,0.006189970648048576,0.002566775141680083,-0.002730087968756227,False
0.1,pink,-0.0009008667113953733,0.0013842695794615161,-0.001547434523252067,True
0.1,black,-0.01861026422613693,0.0036538361150624736,-0.024819581541836555,True
0.1,grey,0.0010609222909331306,0.0028990109434774325,0.005625298864273098,True
0.1,white,0.017549341935016505,0.0039049651619179567,0.019194282677562402,True
0.2,red,-0.0007231195900389842,0.003185398770503751,-0.00381929420290307,True
0.2,orange,-0.00781388496315119,0.0022588113499652286,0.00017199318672567188,False
0.2,yellow,0.01154318122478376,0.003083166700020851,0.0115122879221492,True
0.2,green,0.008845490880872442,0.003036896042647308,0.009475873246271527,True
0.2,blue,-0.012594580615523154,0.0040675611499429954,-0.013063337660232821,True
0.2,purple,0.0018862387871817071,0.0015965650659591761,-0.002730087968756227,False
0.2,pink,-0.0011433257243123954,0.0009967113283130158,-0.001547434523252067,True
0.2,black,-0.02146477871795105,0.0028775472201578276,-0.024819581541836555,True
0.2,grey,0.0034026618133886632,0.0022244904305402558,0.005625298864273098,True
0.2,white,0.01806211690437498,0.0031948016770394364,0.019194282677562402,True
0.3,red,-0.0018349051501019426,0.002566675064188124,-0.00381929420290307,True
0.3,orange,-0.004770195454298298,0.002206506207614092,0.00017199318672567188,False
0.3,yellow,0.011586817547919015,0.0026014875588991704,0.0115122879221492,True
0.3,green,0.009107494672682737,0.002643332715198248,0.009475873246271527,True
0.3,blue,-0.012922176467410673,0.003745630999112938,-0.013063337660232821,True
0.3,purple,0.00011657657061821258,0.0013049803617186458,-0.002730087968756227,False
0.3,pink,-0.0012836117192614321,0.0008929442508899344,-0.001547434523252067,True
0.3,black,-0.02272108520415514,0.0026894475373067184,-0.024819581541836555,True
0.3,grey,0.004284076604584464,0.0020547864538331293,0.005625298864273098,True
0.3,white,0.018437008599718363,0.003022261006113034,0.019194282677562402,True
0.4,red,-0.0024812479302520757,0.002301409812146213,-0.00381929420290307,True
0.4,orange,-0.003103899756978251,0.0021898021195613598,0.00017199318672567188,False
0.4,yellow,0.011580120237229985,0.002403450077074289,0.0115122879221492,True
0.4,green,0.009238928689651038,0.002486937986252521,0.009475873246271527,True
0.4,blue,-0.013019309751839125,0.003623540767593286,-0.013063337660232821,True
0.4,purple,-0.0008465980564353048,0.0011799073179799208,-0.002730087968756227,True
0.4,pink,-0.001367993431549093,0.0008519746790729414,-0.001547434523252067,True
0.4,black,-0.023421183773068566,0.0026191386333659673,-0.024819581541836555,True
0.4,grey,0.0047476860781815455,0.0019904139795799206,0.005625298864273098,True
0.4,white,0.018673497694717267,0.0029586056414422535,0.019194282677562402,True
0.5,red,-0.002901128641505546,0.0021654784108441336,-0.00381929420290307,True
0.5,orange,-0.002053217111729594,0.002183322130986927,0.00017199318672567188,False
0.5,yellow,0.011565890520465943,0.0023048252365721195,0.0115122879221492,True
0.5,green,0.009317877679168751,0.0024109019043966843,0.009475873246271527,True
0.5,blue,-0.013053660433485104,0.0035661264478443993,-0.013063337660232821,True
0.5,purple,-0.0014520815251713795,0.0011156420542713973,-0.002730087968756227,True
0.5,pink,-0.0014236804877413578,0.0008321201889701304,-0.001547434523252067,True
0.5,black,-0.023866662202227912,0.002586323987945695,-0.024819581541836555,True
0.5,grey,0.005033822102080365,0.0019601795957150648,0.005625298864273098,True
0.5,white,0.01883284010014591,0.0029295000582691896,0.019194282677562402,True
0.6,red,-0.0031952199781619117,0.0020874031886941318,-0.00381929420290307,True
0.6,orange,-0.0013303475930419861,0.0021806100393849223,0.00017199318672567188,False
0.6,yellow,0.011551869121033398,0.0022493069093537086,0.0115122879221492,True
0.6,green,0.009370534154725357,0.002368896837697798,0.009475873246271527,True
0.6,blue,-0.013065920396006792,0.003535283195757753,-0.013063337660232821,True
0.6,purple,-0.0018678733895600153,0.00107857819069761,-0.002730087968756227,True
0.6,pink,-0.0014630419188329316,0.0008211735527974163,-0.001547434523252067,True
0.6,black,-0.02417485595042193,0.00256878454809795,-0.024819581541836555,True
0.6,grey,0.005228064973269442,0.0019439774651720308,0.005625298864273098,True
0.6,white,0.01894679097730828,0.0029143477177302323,0.019194282677562402,True
0.7,red,-0.0034124963312663903,0.002038794230299772,-0.00381929420290307,True
0.7,orange,-0.0008026304138782081,0.00217950403622831,0.00017199318672567188,False
0.7,yellow,0.011539538634580876,0.0022152610042120093,0.0115122879221492,True
0.7,green,0.009408153144484205,0.002343550136544796,0.009475873246271527,True
0.7,blue,-0.013069241010986776,0.0035171541188080495,-0.013063337660232821,True
0.7,purple,-0.0021710279325073897,0.001055389612587628,-0.002730087968756227,True
0.7,pink,-0.0014922960904568752,0.0008145789293183246,-0.001547434523252067,True
0.7,black,-0.024400690714160955,0.002558517100223293,-0.024819581541836555,True
0.7,grey,0.005368572109086478,0.0019344872697525332,0.005625298864273098,True
0.7,white,0.01903211860504278,0.002905757123475781,0.019194282677562402,True
0.8,red,-0.003579505054120552,0.00200665391023913,-0.00381929420290307,True
0.8,orange,-0.0004004571913588384,0.0021791463532852464,0.00017199318672567188,False
0.8,yellow,0.011528987097438798,0.0021930218906777536,0.0115122879221492,True
0.8,green,0.009436369548620843,0.0023272367372900284,0.009475873246271527,True
0.8,blue,-0.013068668583598286,0.0035057890168331226,-0.013063337660232821,True
0.8,purple,-0.0024018489875792526,0.0010399755805825645,-0.002730087968756227,True
0.8,pink,-0.00151487682953836,0.000810341595525996,-0.001547434523252067,True
0.8,black,-0.02457326446340552,0.00255210448845873,-0.024819581541836555,True
0.8,grey,0.005474938112993932,0.0019285640537405919,0.005625298864273098,True
0.8,white,0.019098326350277084,0.002900592996066811,0.019194282677562402,True
0.9,red,-0.0037118503889987386,0.0019843888259056023,-0.00381929420290307,True
0.9,orange,-8.379912894707076e-05,0.002179155495016356,0.00017199318672567188,False
0.9,yellow,0.011519990809581326,0.0021777744246901077,0.0115122879221492,True
0.9,green,0.009458316108878123,0.0023162097259988544,0.009475873246271527,True
0.9,blue,-0.013066367677485091,0.0034983138951629254,-0.013063337660232821,True
0.9,purple,-0.0025834629486283164,0.001029237993194345,-0.002730087968756227,True
0.9,pink,-0.0015328267745478297,0.000807482623074541,-0.001547434523252067,True
0.9,black,-0.024709420708411006,0.002547902470277324,-0.024819581541836555,True
0.9,grey,0.005558261228148176,0.0019246888885755902,0.005625298864273098,True
0.9,white,0.01915115948011198,0.002897359696686093,0.019194282677562402,True
1.0,red,-0.00381929420290307,0.0019683814925316903,-0.00381929420290307,True
1.0,orange,0.00017199318672567188,0.0021793476571783793,0.00017199318672567188,True
1.0,yellow,0.0115122879221492,0.0021669130063791133,0.0115122879221492,True
1.0,green,0.009475873246271527,0.0023084640735596814,0.009475873246271527,True
1.0,blue,-0.013063337660232821,0.0034932132395635576,-0.013063337660232821,True
1.0,purple,-0.002730087968756227,0.0010214740168223103,-0.002730087968756227,True
1.0,pink,-0.001547434523252067,0.0008054785654931188,-0.001547434523252067,True
1.0,black,-0.024819581541836555,0.0025450464469841225,-0.024819581541836555,True
1.0,grey,0.005625298864273098,0.0019220612394023535,0.005625298864273098,True
1.0,white,0.019194282677562402,0.0028952788234237474,0.019194282677562402,True
