company,side,red,orange,yellow,green,blue,purple,pink,black,grey,white
ASML Holding,logo,0.0,0.0,0.0,0.0,0.0,1.0,0.0,1.0,0.0,0.0
ASML Holding,web,0.0005030181086519115,0.00020120724346076458,0.009356136820925553,0.0033199195171026157,0.1477867203219316,0.063682092555332,0.0013078470824949698,0.1601609657947686,0.3319919517102616,0.37595573440643865
AT&T Inc.,logo,0.0,0.0,0.0,0.0,0.6526826484018264,0.0,0.0,0.3473173515981735,0.6526826484018264,0.0
AT&T Inc.,web,0.0012072434607645875,0.0032193158953722333,0.025553319919517103,0.004627766599597585,0.16348088531187122,0.0009054325955734407,0.0005030181086519115,0.12545271629778673,0.3233400402414487,0.4061368209255533
AbbVie Inc.,logo,0.0,0.0,0.0,0.0,0.014719699342311305,0.9852803006576887,0.0,1.0,0.0,0.0
AbbVie Inc.,web,0.0016096579476861167,0.0015090543259557343,0.0193158953722334,0.006841046277665996,0.08269617706237424,0.030784708249496983,0.0009054325955734407,0.1430583501006036,0.2642857142857143,0.4501006036217304
Abbott Laboratories,logo,0.0,0.0,0.0,0.0,0.4861467419189328,0.0,0.0,0.5138532580810672,0.4861467419189328,0.0
Abbott Laboratories,web,0.002414486921529175,0.0022132796780684103,0.03682092555331992,0.0029175050301810867,0.0806841046277666,0.01056338028169014,0.002112676056338028,0.1017102615694165,0.3237424547283702,0.44114688128772633
Accenture plc,logo,0.0,0.0,0.0,0.0,0.0,0.07339449541284404,0.0,0.926605504587156,0.07339449541284404,0.0
Accenture plc,web,0.002012072434607646,0.001006036217303823,0.0019114688128772635,0.0013078470824949698,0.043360160965794765,0.06559356136820925,0.0026156941649899397,0.14909456740442656,0.2926559356136821,0.41207243460764587
Adobe Inc.,logo,1.0,0.0,0.0,0.0,0.0,0.0,0.0,0.0,1.0,0.0
Adobe Inc.,web,0.18430583501006037,0.002414486921529175,0.008853118712273641,0.0026156941649899397,0.06539235412474849,0.008148893360160966,0.006740442655935613,0.09346076458752516,0.325251509054326,0.426056338028169
"Advanced Micro Devices, Inc. (AMD)",logo,0.0,0.0,0.0,0.3147647376960519,0.0,0.0,0.0,0.6873985938345052,0.31260140616549487,0.0
"Advanced Micro Devices, Inc. (AMD)",web,0.0008048289738430583,0.009054325955734407,0.013782696177062374,0.040643863179074445,0.03993963782696177,0.014688128772635815,0.00010060362173038229,0.15935613682092556,0.24245472837022133,0.4364185110663984
Agricultural Bank of China Limited,logo,0.0,0.0,0.0,0.2786259541984733,0.0,0.0016698473282442748,0.0,0.7218511450381679,0.27814885496183206,0.0
Agricultural Bank of China Limited,web,0.001006036217303823,0.01006036217303823,0.009054325955734407,0.02505030181086519,0.02323943661971831,0.0006036217303822937,0.001006036217303823,0.14587525150905434,0.3316901408450704,0.39647887323943665
Alibaba Group Holding Limited,logo,0.0,1.0,0.0,0.0,0.0,0.0,0.0,0.0,1.0,0.0
Alibaba Group Holding Limited,web,0.02112676056338028,0.1545271629778672,0.010865191146881288,0.005633802816901409,0.04899396378269618,0.0113682092555332,0.003420523138832998,0.13088531187122737,0.3542253521126761,0.39024144869215294
Alphabet Inc.,logo,1.0,0.0,0.0,0.0,0.0,0.0,0.0,0.0,1.0,0.0
Alphabet Inc.,web,0.07042253521126761,0.005331991951710261,0.01267605633802817,0.005432595573440644,0.01790744466800805,0.004527162977867203,0.0008048289738430583,0.054929577464788736,0.15885311871227364,0.640543259557344
"Amazon.com, Inc.",logo,0.0,0.20930750389668226,0.0,0.0,0.0,0.0033400133600534404,0.0,0.7906924961033177,0.20930750389668226,0.0
"Amazon.com, Inc.",web,0.0015090543259557343,0.03561368209255533,0.007746478873239437,0.007042253521126761,0.09567404426559356,0.02847082494969819,0.0007042253521126761,0.1937625754527163,0.2994969818913481,0.36971830985915494
American Express Company,logo,0.0,0.0,0.0,0.0,0.8935,0.0,0.0,0.0,0.8904,0.0686
American Express Company,web,0.002012072434607646,0.015291750503018108,0.03319919517102616,0.004225352112676056,0.1658953722334004,0.00040241448692152917,0.00040241448692152917,0.16569416498993964,0.341046277665996,0.3542253521126761
Amgen Inc.,logo,0.0,0.0,0.0,0.0,1.0,0.0,0.0,0.9880757191831868,0.011924280816813236,0.0
Amgen Inc.,web,0.015392354124748492,0.00010060362173038229,0.014084507042253521,0.004225352112676056,0.26549295774647885,0.009154929577464789,0.015492957746478873,0.12545271629778673,0.36498993963782694,0.37062374245472834
Apple Inc.,logo,0.0,0.0,0.0,0.0,0.0,0.0,0.0,1.0,0.0,0.0
Apple Inc.,web,0.006237424547283702,0.006438631790744467,0.006639839034205231,0.005231388329979879,0.06639839034205232,0.008953722334004025,0.006438631790744467,0.22645875251509054,0.24587525150905432,0.37917505030181087
Arm Holdings plc,logo,0.0,0.0,0.0,0.0,1.0,0.0,0.0,0.0,1.0,0.0
Arm Holdings plc,web,0.0006036217303822937,0.001006036217303823,0.006237424547283702,0.006841046277665996,0.1847082494969819,0.026056338028169014,0.003420523138832998,0.24014084507042255,0.2783702213279678,0.35040241448692155
AstraZeneca plc,logo,0.0,0.3236173393124066,0.01046337817638266,0.0,0.0,0.0,0.6659192825112108,0.6659192825112108,0.33408071748878926,0.0
AstraZeneca plc,web,0.001710261569416499,0.0158953722334004,0.032494969818913484,0.008450704225352112,0.03903420523138833,0.03169014084507042,0.01579476861167002,0.14496981891348087,0.3130784708249497,0.40533199195171027
Bank of America Corporation,logo,0.17384615384615384,0.0,0.0,0.0,0.025538461538461538,0.8006153846153846,0.0,0.8261538461538461,0.17384615384615384,0.0
Bank of America Corporation,web,0.017002012072434607,0.004426559356136821,0.003420523138832998,0.0003018108651911469,0.08963782696177063,0.0022132796780684103,0.011468812877263581,0.1579476861167002,0.29285714285714287,0.4095573440643863
Bank of China Limited,logo,0.40972595378828586,0.0,0.0,0.0,0.0,0.0,0.0010746910263299302,0.7189682966147233,0.2810317033852767,0.0
Bank of China Limited,web,0.015392354124748492,0.002414486921529175,0.005533199195171026,0.001006036217303823,0.009356136820925553,0.0014084507042253522,0.04014084507042254,0.12323943661971831,0.253420523138833,0.4768611670020121
Berkshire Hathaway Inc.,logo,0.0,0.0,0.0,0.0,0.0,1.0,0.0,1.0,0.0,0.0
Berkshire Hathaway Inc.,web,0.005935613682092555,0.013480885311871227,0.003722334004024145,0.0018108651911468814,0.0664989939637827,0.04346076458752515,0.004124748490945674,0.19637826961770624,0.186317907444668,0.47484909456740443
"BlackRock, Inc.",logo,0.0,0.0,0.0,0.0,0.0,0.0,0.0,1.0,0.0,0.0
"BlackRock, Inc.",web,0.010663983903420523,0.020925553319919517,0.0058350100603621734,0.0028169014084507044,0.01881287726358149,0.004929577464788733,0.004225352112676056,0.27132796780684104,0.2590543259557344,0.34225352112676055
Blackstone Inc.,logo,0.0,0.0,0.0,0.0,0.0,0.0,0.0,0.9043416514505985,0.04128626496246703,0.02728748224792047
Blackstone Inc.,web,0.004929577464788733,0.00875251509054326,0.009356136820925553,0.005030181086519115,0.03299798792756539,0.01579476861167002,0.001710261569416499,0.26227364185110663,0.31086519114688127,0.27806841046277664
Booking Holdings Inc.,logo,0.0,0.0,0.0,0.0,0.4375398342893563,0.0,0.0,0.6159974506054812,0.3840025493945188,0.0
Booking Holdings Inc.,web,0.0003018108651911469,0.0011066398390342052,0.002414486921529175,0.010865191146881288,0.04678068410462777,0.005533199195171026,0.0008048289738430583,0.09758551307847083,0.15694164989939638,0.603420523138833
Boston Scientific Corporation,logo,0.0,0.0,0.0,0.0,1.0,0.0,0.0,1.0,0.0,0.0
Boston Scientific Corporation,web,0.0014084507042253522,0.003420523138832998,0.04084507042253521,0.003923541247484909,0.18541247484909457,0.007243460764587525,0.00020120724346076458,0.1493963782696177,0.35845070422535213,0.3670020120724346
Broadcom Inc.,logo,0.1932045303131246,0.0,0.0,0.0,0.0,0.0,0.022651565622918056,0.7570508549855651,0.21208083499888963,0.015545192094159449
Broadcom Inc.,web,0.05674044265593561,0.003923541247484909,0.019919517102615695,0.003722334004024145,0.05331991951710262,0.005331991951710261,0.02464788732394366,0.16951710261569417,0.2902414486921529,0.39225352112676054
Caterpillar Inc.,logo,0.0,0.0,0.057002222927913626,0.0,0.0,0.0,0.0,0.9429977770720864,0.046681486186090825,0.010320736741822802
Caterpillar Inc.,web,0.00040241448692152917,0.0517102615694165,0.11016096579476861,0.0009054325955734407,0.023138832997987926,0.004024144869215292,0.00040241448692152917,0.246579476861167,0.2766599597585513,0.3112676056338028
Chevron Corporation,logo,0.41844069670998063,0.0,0.0,0.0,0.5757533867846282,0.0,0.005805916505391208,0.28255460326237214,0.7174453967376279,0.0
Chevron Corporation,web,0.040643863179074445,0.0158953722334004,0.0013078470824949698,0.01056338028169014,0.13199195171026157,0.015492957746478873,0.010865191146881288,0.12132796780684105,0.310261569416499,0.4234406438631791
China Construction Bank Corporation,logo,0.0,0.0,0.0,0.00020610057708161583,0.24237427864798022,0.005976916735366859,0.00041220115416323167,0.7714344600164881,0.22856553998351195,0.0
China Construction Bank Corporation,web,0.005130784708249497,0.0007042253521126761,0.0014084507042253522,0.00040241448692152917,0.053722334004024146,0.008249496981891348,0.0008048289738430583,0.1454728370221328,0.2502012072434608,0.46619718309859154
"China Merchants Bank Co., Ltd.",logo,0.28975773566802593,0.0,0.0,0.0,0.0,0.0,0.0,0.7102422643319741,0.28975773566802593,0.0
"China Merchants Bank Co., Ltd.",web,0.06348088531187122,0.01488933601609658,0.0029175050301810867,0.0012072434607645875,0.05080482897384306,0.007042253521126761,0.03309859154929577,0.19416498993963782,0.3016096579476861,0.3741448692152918
China Mobile Ltd,logo,0.0,0.0,0.08201178069777978,0.0058903488898957865,0.9120978704123244,0.0,0.0,0.0,1.0,0.0
China Mobile Ltd,web,0.010663983903420523,0.0012072434607645875,0.004325955734406439,0.004929577464788733,0.11891348088531187,0.005633802816901409,0.0032193158953722333,0.08762575452716298,0.24818913480885313,0.5225352112676056
"Cisco Systems, Inc.",logo,0.0,0.0,0.0,0.0,1.0,0.0,0.0,0.0,1.0,0.0
"Cisco Systems, Inc.",web,0.014788732394366197,0.0033199195171026157,0.013480885311871227,0.002112676056338028,0.10643863179074446,0.003722334004024145,0.011770623742454729,0.16861167002012073,0.29356136820925555,0.38963782696177063
Commonwealth Bank of Australia,logo,0.0,0.06029468786351299,0.939705312136487,0.0,0.0,0.0,0.0,0.0,0.11613028305544784,0.8838697169445522
Commonwealth Bank of Australia,web,0.0013078470824949698,0.017806841046277666,0.07313883299798793,0.001006036217303823,0.05201207243460765,0.0011066398390342052,0.00040241448692152917,0.19839034205231387,0.2165995975855131,0.4556338028169014
Contemporary Amperex Technology Co. Ltd. (CATL),logo,0.0,0.0,0.0,0.0,0.007615317667536988,0.992384682332463,0.0,1.0,0.0,0.0
Contemporary Amperex Technology Co. Ltd. (CATL),web,0.00010060362173038229,0.012072434607645875,0.011569416498993963,0.003822937625754527,0.1272635814889336,0.01227364185110664,0.0005030181086519115,0.12062374245472837,0.3380281690140845,0.4141851106639839
Costco Wholesale Corporation,logo,0.38565246338215714,0.0,0.0,0.0,0.21854194407456726,0.0,0.07223701731025299,0.1053595206391478,0.5649134487350199,0.07689747003994674
Costco Wholesale Corporation,web,0.052414486921529176,0.027565392354124748,0.013883299798792756,0.0009054325955734407,0.0687122736418511,0.004225352112676056,0.019114688128772636,0.15764587525150905,0.40835010060362176,0.29637826961770625
Deutsche Telekom AG,logo,0.0,0.0,0.0,0.0,0.0,0.0,1.0,0.0,1.0,0.0
Deutsche Telekom AG,web,0.00010060362173038229,0.00010060362173038229,0.012374245472837022,0.002012072434607646,0.019617706237424547,0.004325955734406439,0.12525150905432594,0.09527162977867203,0.279476861167002,0.48651911468812875
Eli Lilly and Company,logo,1.0,0.0,0.0,0.0,0.0,0.0,0.0,0.0,1.0,0.0
Eli Lilly and Company,web,0.11277665995975855,0.0022132796780684103,0.01006036217303823,0.0008048289738430583,0.09436619718309859,0.0013078470824949698,0.007545271629778672,0.15241448692152917,0.361569416498994,0.3536217303822938
Exxon Mobil Corporation,logo,1.0,0.0,0.0,0.0,0.0,0.0,0.0,0.0,1.0,0.0
Exxon Mobil Corporation,web,0.14185110663983905,0.006639839034205231,0.005130784708249497,0.008450704225352112,0.04084507042253521,0.020221327967806842,0.01006036217303823,0.13611670020120725,0.30432595573440646,0.40945674044265595
GE Aerospace,logo,0.0,0.0,0.0,0.0,0.0,1.0,0.0,1.0,0.0,0.0
GE Aerospace,web,0.003118712273641851,0.004124748490945674,0.008551307847082495,0.002414486921529175,0.10935613682092556,0.057847082494969816,0.0008048289738430583,0.24406438631790744,0.2608651911468813,0.35090543259557344
"Goldman Sachs Group, Inc.",logo,0.0,0.0,0.0,0.0,0.0,0.0,0.0,1.0,0.0,0.0
"Goldman Sachs Group, Inc.",web,0.019517102615694164,0.0096579476861167,0.004124748490945674,0.002012072434607646,0.18490945674044265,0.019416498993963784,0.0032193158953722333,0.1846076458752515,0.37595573440643865,0.3010060362173038
HSBC Holdings plc,logo,0.5170132325141777,0.0,0.0,0.0,0.0,0.0,0.026465028355387523,0.22797731568998109,0.5319470699432892,0.025897920604914935
HSBC Holdings plc,web,0.06227364185110664,0.006338028169014085,0.0025150905432595573,0.0011066398390342052,0.07766599597585513,0.0013078470824949698,0.004627766599597585,0.1563380281690141,0.32142857142857145,0.39245472837022133
Hermès International,logo,0.0003151591553734636,0.9996848408446265,0.0,0.0,0.0,0.0,0.0,0.0,1.0,0.0
Hermès International,web,0.0158953722334004,0.15503018108651911,0.0079476861167002,0.0007042253521126761,0.010160965794768611,0.0029175050301810867,0.002414486921529175,0.12344064386317907,0.28430583501006035,0.4580482897384306
"Home Depot, Inc.",logo,0.0030303030303030303,0.6762626262626262,0.0,0.0,0.0,0.0,0.0,0.0,0.6568686868686868,0.08343434343434343
"Home Depot, Inc.",web,0.027565392354124748,0.1488933601609658,0.01851106639839034,0.002012072434607646,0.0517102615694165,0.002112676056338028,0.001006036217303823,0.11549295774647887,0.4219315895372233,0.3224346076458752
IBM (International Business Machines Corporation),logo,0.0,0.0,0.0,0.0,1.0,0.0,0.0,0.0,1.0,0.0
IBM (International Business Machines Corporation),web,0.0006036217303822937,0.002112676056338028,0.02464788732394366,0.004426559356136821,0.1522132796780684,0.021227364185110665,0.0007042253521126761,0.13511066398390342,0.32947686116700203,0.40865191146881286
"Inditex (Industria de Diseño Textil, S.A.)",logo,0.0,0.0,0.0,0.0,0.0,0.0,0.0,1.0,0.0,0.0
"Inditex (Industria de Diseño Textil, S.A.)",web,0.05291750503018108,0.002414486921529175,0.017806841046277666,0.0013078470824949698,0.009356136820925553,0.00010060362173038229,0.00010060362173038229,0.12344064386317907,0.27927565392354126,0.44929577464788734
Industrial and Commercial Bank of China Limited,logo,0.2452048823016565,0.0,0.0,0.00021795989537925023,0.0,0.0013077593722755014,0.0,0.7632955536181343,0.23670444638186575,0.0
Industrial and Commercial Bank of China Limited,web,0.048591549295774646,0.01851106639839034,0.014386317907444667,0.0011066398390342052,0.030583501006036216,0.0008048289738430583,0.0014084507042253522,0.12585513078470825,0.3488933601609658,0.391851106639839
International Holding Company PJSC,logo,0.0,0.0,0.0,0.0,0.5680163785259327,0.19494995450409464,0.0,0.5243403093721565,0.47565969062784347,0.0
International Holding Company PJSC,web,0.003722334004024145,0.01227364185110664,0.006941649899396378,0.005935613682092555,0.07364185110663984,0.05331991951710262,0.001710261569416499,0.19989939637826962,0.2426559356136821,0.4448692152917505
Intuit Inc.,logo,0.0,0.0,0.0,0.0,0.9865967365967366,0.013403263403263404,0.0,0.0,1.0,0.0
Intuit Inc.,web,0.0013078470824949698,0.01317907444668008,0.021730382293762576,0.009859154929577466,0.16901408450704225,0.014688128772635815,0.0005030181086519115,0.11569416498993963,0.3282696177062374,0.4059356136820926
"Intuitive Surgical, Inc.",logo,0.0,0.046089385474860335,0.0,0.0,0.0,0.0006983240223463687,0.0,0.0,1.0,0.0
"Intuitive Surgical, Inc.",web,0.0032193158953722333,0.005533199195171026,0.011670020120724347,0.002414486921529175,0.052414486921529176,0.025653923541247486,0.0015090543259557343,0.15140845070422534,0.23390342052313884,0.47585513078470826
JP Morgan Chase & Co.,logo,0.0,0.0,0.0,0.0,0.0,0.0,0.0,1.0,0.0,0.0
JP Morgan Chase & Co.,web,0.0006036217303822937,0.002716297786720322,0.01881287726358149,0.003722334004024145,0.03450704225352113,0.006036217303822937,0.001006036217303823,0.2605633802816901,0.21167002012072433,0.3942655935613682
Johnson & Johnson,logo,1.0,0.0,0.0,0.0,0.0,0.0,0.0,0.0,1.0,0.0
Johnson & Johnson,web,0.13370221327967807,0.0028169014084507044,0.006941649899396378,0.0006036217303822937,0.01670020120724346,0.006036217303822937,0.008551307847082495,0.12424547283702213,0.17696177062374246,0.5470824949698189
"Kweichow Moutai Co., Ltd.",logo,0.2564311964066966,0.0,0.0,0.0,0.0484551517626242,0.4501156934803321,0.019599836668027767,0.4778821287600381,0.3016197087246495,0.045732952225398124
"Kweichow Moutai Co., Ltd.",web,0.07404426559356136,0.09154929577464789,0.024245472837022133,0.00040241448692152917,0.019114688128772636,0.008853118712273641,0.004929577464788733,0.13712273641851105,0.2926559356136821,0.42867203219315897
L'Oréal,logo,0.0,0.0,0.0,0.0,0.0,0.0,0.0,1.0,0.0,0.0
L'Oréal,web,0.011569416498993963,0.03199195171026157,0.010663983903420523,0.0014084507042253522,0.02243460764587525,0.006438631790744467,0.004929577464788733,0.15875251509054325,0.22826961770623744,0.46901408450704224
LVMH,logo,0.0,0.0,0.0,0.0,0.0,0.0,0.0,1.0,0.0,0.0
LVMH,web,0.0035211267605633804,0.004426559356136821,0.0019114688128772635,0.008651911468812877,0.029476861167002013,0.01740442655935614,0.013682092555331992,0.14627766599597586,0.18822937625754527,0.5366197183098591
Linde plc,logo,0.0,0.0,0.0,0.0,0.9422492401215805,0.0,0.0,0.8179331306990881,0.12917933130699089,0.023809523809523808
Linde plc,web,0.0003018108651911469,0.0013078470824949698,0.0158953722334004,0.0029175050301810867,0.2017102615694165,0.0026156941649899397,0.0005030181086519115,0.13249496981891348,0.31338028169014087,0.4079476861167002
Mastercard Incorporated,logo,0.4277470262631021,0.5722529737368979,0.0,0.0,0.0,0.0,0.0,0.0,1.0,0.0
Mastercard Incorporated,web,0.08963782696177063,0.0960764587525151,0.020321931589537223,0.0022132796780684103,0.032796780684104625,0.012173038229376258,0.006941649899396378,0.18531187122736417,0.3464788732394366,0.338430583501006
McDonald's Corporation,logo,0.7600969305331179,0.036954765751211635,0.15690630048465268,0.0,0.0,0.0,0.0,0.0,0.8093699515347335,0.16791195476575121
McDonald's Corporation,web,0.15070422535211267,0.041750503018108655,0.055533199195171024,0.0029175050301810867,0.02505030181086519,0.007344064386317907,0.004124748490945674,0.15774647887323945,0.31156941649899395,0.3987927565392354
"Merck & Company, Inc.",logo,0.0,0.0,0.0,0.4305210918114144,0.0,0.0,0.0,0.5694789081885856,0.4305210918114144,0.0
"Merck & Company, Inc.",web,0.0015090543259557343,0.0022132796780684103,0.020724346076458754,0.0635814889336016,0.09305835010060362,0.003420523138832998,0.0005030181086519115,0.12344064386317907,0.3283702213279678,0.4035211267605634
"Meta Platforms, Inc.",logo,0.0,0.0,0.0,0.0,0.34711101493183294,0.0,0.0,0.6535381951958451,0.34646180480415495,0.0
"Meta Platforms, Inc.",web,0.001006036217303823,0.0012072434607645875,0.005935613682092555,0.004527162977867203,0.09839034205231388,0.014587525150905433,0.003822937625754527,0.13672032193158953,0.2601609657947686,0.46177062374245476
Microsoft Corporation,logo,0.1141500904159132,0.10126582278481013,0.018309222423146473,0.1141500904159132,0.11912296564195299,0.0,0.0,0.0002260397830018083,0.9997739602169982,0.0
Microsoft Corporation,web,0.010663983903420523,0.006639839034205231,0.02142857142857143,0.015291750503018108,0.12545271629778673,0.008953722334004025,0.0029175050301810867,0.1529175050301811,0.29798792756539233,0.3982897384305835
Morgan Stanley,logo,0.0,0.0,0.0,0.0,0.0,0.0,0.0,1.0,0.0,0.0
Morgan Stanley,web,0.005030181086519115,0.014989939637826962,0.006841046277665996,0.0033199195171026157,0.10362173038229376,0.010362173038229377,0.002112676056338028,0.253420523138833,0.3194164989939638,0.293158953722334
NVIDIA Corporation,logo,0.0,0.0,0.0004082465809348847,0.4033476219636661,0.0,0.0,0.0,0.596244131455399,0.40375586854460094,0.0
NVIDIA Corporation,web,0.004225352112676056,0.0022132796780684103,0.0210261569416499,0.09064386317907444,0.03209255533199195,0.003420523138832998,0.001710261569416499,0.24054325955734407,0.29054325955734406,0.3276659959758551
Nestlé S.A.,logo,0.0,0.10790273556231003,0.023881893182805036,0.0,0.0,0.0,0.0,0.9993486756404689,0.0006513243595310464,0.0
Nestlé S.A.,web,0.013279678068410463,0.001006036217303823,0.015191146881287726,0.007847082494969819,0.05020120724346076,0.008048289738430584,0.007042253521126761,0.09144869215291751,0.30422535211267604,0.4751509054325956
"Netflix, Inc.",logo,1.0,0.0,0.0,0.0,0.0,0.0,0.0,0.0,1.0,0.0
"Netflix, Inc.",web,0.1341046277665996,0.010764587525150906,0.009356136820925553,0.0009054325955734407,0.022334004024144868,0.003118712273641851,0.006237424547283702,0.22424547283702212,0.25613682092555334,0.3717303822937626
Novartis AG,logo,0.09178356713426854,0.07254509018036072,0.0,0.0,0.8352705410821644,0.0004008016032064128,0.0,0.7398797595190381,0.26012024048096194,0.0
Novartis AG,web,0.005331991951710261,0.007847082494969819,0.011167002012072434,0.0023138832997987926,0.1085513078470825,0.01800804828973843,0.00040241448692152917,0.14748490945674045,0.27907444668008047,0.4353118712273642
Novo Nordisk B AS,logo,0.0,0.0,0.0,0.0,0.0004791566842357451,0.9995208433157643,0.0,1.0,0.0,0.0
Novo Nordisk B AS,web,0.0026156941649899397,0.003118712273641851,0.003822937625754527,0.003420523138832998,0.17344064386317906,0.04275653923541248,0.0007042253521126761,0.1720321931589537,0.2698189134808853,0.4200201207243461
Oracle Corporation,logo,1.0,0.0,0.0,0.0,0.0,0.0,0.0,0.0,1.0,0.0
Oracle Corporation,web,0.05261569416498994,0.00010060362173038229,0.006036217303822937,0.005432595573440644,0.22585513078470826,0.008148893360160966,0.003822937625754527,0.186317907444668,0.3074446680080483,0.3611670020120724
PDD Holdings Inc.,logo,1.0,0.0,0.0,0.0,0.0,0.0,0.0,0.0,1.0,0.0
PDD Holdings Inc.,web,0.16911468812877264,0.017706237424547282,0.0096579476861167,0.004426559356136821,0.026257545271629778,0.0158953722334004,0.015694164989939637,0.12786720321931588,0.3146881287726358,0.4210261569416499
Palantir Technologies Inc.,logo,0.0,0.0,0.0,0.0,0.0,0.0,0.0,1.0,0.0,0.0
Palantir Technologies Inc.,web,0.007746478873239437,0.017002012072434607,0.025653923541247486,0.006841046277665996,0.021327967806841045,0.007746478873239437,0.010764587525150906,0.33903420523138833,0.17263581488933602,0.35140845070422533
"PepsiCo, Inc.",logo,0.03127171646977067,0.035441278665740095,0.0,0.03891591382904795,0.8776928422515636,0.012161223071577484,0.0034746351633078527,0.864141765114663,0.13585823488533705,0.0
"PepsiCo, Inc.",web,0.02283702213279678,0.013279678068410463,0.014587525150905433,0.02454728370221328,0.146579476861167,0.023843058350100605,0.004728370221327968,0.11680080482897384,0.2836016096579477,0.4601609657947686
PetroChina Company Limited,logo,0.32571723071637176,0.27933344786119224,0.1733379144476894,0.0,0.0,0.0,0.003951211132107885,0.446143274351486,0.40663116303040714,0.1056519498367978
PetroChina Company Limited,web,0.058048289738430583,0.03742454728370221,0.030885311871227363,0.00010060362173038229,0.017303822937625755,0.00020120724346076458,0.007042253521126761,0.09154929577464789,0.254728370221328,0.5168008048289738
Philip Morris International Inc.,logo,0.0,0.0,0.0,0.0,1.0,0.0,0.0,0.0005059448520111307,0.9994940551479888,0.0
Philip Morris International Inc.,web,0.009959758551307847,0.006841046277665996,0.0358148893360161,0.0014084507042253522,0.03591549295774648,0.004627766599597585,0.009054325955734407,0.11458752515090544,0.18118712273641852,0.5504024144869215
Procter & Gamble Company,logo,0.0,0.0,0.0,0.0,0.5374175071597559,0.33893662059519364,0.0,0.5035487485991782,0.35736520981197856,0.06014194994396713
Procter & Gamble Company,web,0.007645875251509054,0.0036217303822937627,0.011267605633802818,0.011066398390342052,0.14416498993963783,0.008048289738430584,0.0016096579476861167,0.07484909456740442,0.2571428571428571,0.5245472837022133
Qualcomm Incorporated,logo,0.0,0.0,0.0,0.0,0.002564102564102564,0.9974358974358974,0.0,0.9774928774928775,0.022507122507122508,0.0
Qualcomm Incorporated,web,0.0003018108651911469,0.0005030181086519115,0.0033199195171026157,0.0026156941649899397,0.20824949698189135,0.045975855130784705,0.0006036217303822937,0.1603621730382294,0.2427565392354125,0.44466800804828976
RTX Corporation,logo,0.0,0.0,0.0,0.0,0.0,0.0,0.0,1.0,0.0,0.0
RTX Corporation,web,0.0096579476861167,0.0005030181086519115,0.0079476861167002,0.0029175050301810867,0.04295774647887324,0.0018108651911468814,0.0011066398390342052,0.17847082494969818,0.27344064386317907,0.3837022132796781
Reliance Industries Limited,logo,0.0,0.0023817625042531474,0.3678121810139503,0.0,0.0,0.0,0.0,0.6298060564817966,0.37019394351820345,0.0
Reliance Industries Limited,web,0.011267605633802818,0.029979879275653924,0.0403420523138833,0.00613682092555332,0.0948692152917505,0.05221327967806841,0.0026156941649899397,0.12766599597585512,0.34919517102615694,0.3981891348088531
Roche Holding AG,logo,0.0,0.0,0.0,0.0,1.0,0.0,0.0,0.0,1.0,0.0
Roche Holding AG,web,0.008953722334004025,0.006036217303822937,0.0019114688128772635,0.0008048289738430583,0.17837022132796782,0.01981891348088531,0.002414486921529175,0.10804828973843059,0.4135814889336016,0.35774647887323946
Royal Bank of Canada,logo,0.0,0.0,0.1785309570413104,0.03657154630678892,0.726073967240136,0.0,0.0,0.6700319357164932,0.15875141650355415,0.13485113835376533
Royal Bank of Canada,web,0.00020120724346076458,0.0028169014084507044,0.01187122736418511,0.0028169014084507044,0.13611670020120725,0.008148893360160966,0.0012072434607645875,0.20583501006036217,0.2793762575452716,0.36901408450704226
S&P Global Inc.,logo,0.7259338313767343,0.0,0.0,0.0,0.0,0.0,0.0,0.2740661686232657,0.7259338313767343,0.0
S&P Global Inc.,web,0.07676056338028169,0.00040241448692152917,0.0011066398390342052,0.013480885311871227,0.0369215291750503,0.00040241448692152917,0.03360160965794769,0.11780684104627767,0.3032193158953722,0.4305835010060362
SAP SE,logo,0.0,0.0,0.0,0.0,0.6275083056478405,0.0,0.0,0.12611295681063123,0.49714285714285716,0.0481063122923588
SAP SE,web,0.00010060362173038229,0.0003018108651911469,0.01670020120724346,0.00613682092555332,0.1420523138832998,0.006639839034205231,0.00020120724346076458,0.11770623742454728,0.29899396378269616,0.4505030181086519
"Salesforce, Inc.",logo,0.0,0.0,0.0,0.0,0.948528386106849,0.0,0.0,0.0,0.9408564653368671,0.03529083554191659
"Salesforce, Inc.",web,0.0015090543259557343,0.010261569416498993,0.01971830985915493,0.005734406438631791,0.21026156941649898,0.004627766599597585,0.0035211267605633804,0.15674044265593562,0.37233400402414485,0.3399396378269618
Samsung Electronics,logo,0.0,0.0,0.0,0.0,0.8364104765993989,0.00042936882782310007,0.0,0.7688564476885644,0.0728495777873193,0.0417918992414484
Samsung Electronics,web,0.0007042253521126761,0.0015090543259557343,0.0030181086519114686,0.002112676056338028,0.1618712273641851,0.03169014084507042,0.0026156941649899397,0.1891348088531187,0.2095573440643863,0.45764587525150907
Saudi Arabian Oil Co. (Aramco),logo,0.0,0.0,0.0,0.12893462469733658,0.18038740920096852,0.0,0.0,0.11319612590799032,0.2262913640032284,0.5605326876513317
Saudi Arabian Oil Co. (Aramco),web,0.001006036217303823,0.05261569416498994,0.025653923541247486,0.01659959758551308,0.05060362173038229,0.012474849094567404,0.0009054325955734407,0.13993963782696178,0.40543259557344064,0.3060362173038229
"ServiceNow, Inc.",logo,0.0,0.0,0.0,0.12060737527114967,0.0008676789587852494,0.0,0.0,0.8800433839479392,0.11995661605206073,0.0
"ServiceNow, Inc.",web,0.00040241448692152917,0.002716297786720322,0.012474849094567404,0.021227364185110665,0.11981891348088532,0.015492957746478873,0.0003018108651911469,0.21398390342052315,0.23229376257545273,0.41056338028169015
Shell plc,logo,0.4345521992580816,0.0915474297827239,0.47390037095919446,0.0,0.0,0.0,0.0,0.0,0.5463698993110758,0.45363010068892423
Shell plc,web,0.07877263581488933,0.08993963782696177,0.05975855130784708,0.0003018108651911469,0.048490945674044265,0.011770623742454729,0.011670020120724347,0.09758551307847083,0.36056338028169016,0.3966800804828974
Shopify Inc.,logo,0.0,0.0,0.010760760760760761,0.36036036036036034,0.0,0.0,0.0,0.5803303303303303,0.36261261261261263,0.01876876876876877
Shopify Inc.,web,0.014185110663983903,0.01448692152917505,0.02283702213279678,0.08953722334004025,0.0528169014084507,0.004627766599597585,0.00010060362173038229,0.12283702213279678,0.28269617706237427,0.447887323943662
Siemens AG,logo,0.0,0.0,0.0,1.0,0.0,0.0,0.0,0.0,1.0,0.0
Siemens AG,web,0.00040241448692152917,0.0011066398390342052,0.021327967806841045,0.09396378269617706,0.06237424547283702,0.00835010060362173,0.0003018108651911469,0.13480885311871227,0.34456740442655936,0.37535211267605634
"T-Mobile US, Inc.",logo,0.0,0.0,0.0,0.0,0.0,0.0,1.0,0.0,1.0,0.0
"T-Mobile US, Inc.",web,0.005231388329979879,0.006237424547283702,0.006639839034205231,0.0012072434607645875,0.007243460764587525,0.003722334004024145,0.16971830985915493,0.12977867203219315,0.288933601609658,0.44285714285714284
Taiwan Semiconductor Manufacturing (TSMC),logo,0.2994858611825193,0.0,0.0,0.0006426735218508997,0.0,0.0038560411311053984,0.017994858611825194,0.10234575835475579,0.5578406169665809,0.1495822622107969
Taiwan Semiconductor Manufacturing (TSMC),web,0.0585513078470825,0.0014084507042253522,0.023641851106639838,0.017706237424547282,0.02374245472837022,0.0008048289738430583,0.01096579476861167,0.15603621730382294,0.34627766599597587,0.37233400402414485
Tata Consultancy Services Limited,logo,0.0,0.0,0.0,0.0,0.0,0.0008223684210526315,0.0,1.0,0.0,0.0
Tata Consultancy Services Limited,web,0.007746478873239437,0.00482897384305835,0.05010060362173038,0.0016096579476861167,0.08319919517102616,0.020925553319919517,0.008450704225352112,0.12012072434607646,0.3150905432595573,0.42585513078470827
Tencent Holdings Limited,logo,0.0,0.0,0.0,0.0,0.05400730347876225,0.9459926965212377,0.0,0.9523351912358254,0.04766480876417451,0.0
Tencent Holdings Limited,web,0.005734406438631791,0.012173038229376258,0.006036217303822937,0.0015090543259557343,0.0903420523138833,0.013682092555331992,0.002414486921529175,0.18601609657947688,0.26589537223340043,0.403420523138833
"Tesla, Inc.",logo,1.0,0.0,0.0,0.0,0.0,0.0,0.0,0.0,1.0,0.0
"Tesla, Inc.",web,0.07776659959758551,0.010362173038229377,0.0033199195171026157,0.004728370221327968,0.025150905432595575,0.003923541247484909,0.01609657947686117,0.20945674044265594,0.29396378269617707,0.3592555331991952
Texas Instruments Incorporated,logo,0.3094405594405594,0.0,0.0,0.0,0.0,0.0,0.0,0.6934731934731935,0.30652680652680653,0.0
Texas Instruments Incorporated,web,0.08651911468812877,0.014788732394366197,0.03450704225352113,0.0113682092555332,0.03329979879275654,0.003923541247484909,0.0009054325955734407,0.10774647887323943,0.3308853118712274,0.4322937625754527
Thermo Fisher Scientific Inc.,logo,0.9427880741337631,0.0,0.0,0.0,0.0,0.0,0.003525382755842063,0.0,0.9420829975825947,0.017828364222401288
Thermo Fisher Scientific Inc.,web,0.06448692152917505,0.0018108651911468814,0.02505030181086519,0.004124748490945674,0.061871227364185113,0.00040241448692152917,0.0014084507042253522,0.11116700201207244,0.2448692152917505,0.5024144869215291
Toyota Motor Corporation,logo,0.36544502617801045,0.0,0.0,0.0,0.0,0.0,0.0,0.10575916230366492,0.7539267015706806,0.1099476439790576
Toyota Motor Corporation,web,0.04688128772635815,0.004024144869215292,0.0008048289738430583,0.0012072434607645875,0.0716297786720322,0.008249496981891348,0.011267605633802818,0.12937625754527163,0.30704225352112674,0.4261569416498994
"Uber Technologies, Inc.",logo,0.0,0.0,0.0,0.0,0.0,0.0,0.0,1.0,0.0,0.0
"Uber Technologies, Inc.",web,0.0008048289738430583,0.0015090543259557343,0.005030181086519115,0.008651911468812877,0.056237424547283706,0.02374245472837022,0.0013078470824949698,0.33722334004024146,0.2681086519114688,0.24225352112676057
UnitedHealth Group Incorporated,logo,0.0,0.0,0.0,0.0,1.0,0.0,0.0,1.0,0.0,0.0
UnitedHealth Group Incorporated,web,0.001006036217303823,0.019919517102615695,0.01609657947686117,0.010362173038229377,0.13269617706237424,0.02977867203219316,0.00010060362173038229,0.1545271629778672,0.25271629778672033,0.46841046277666
Verizon Communications Inc.,logo,0.9732722413134784,0.021573119511263842,0.005154639175257732,0.0,0.0,0.0,0.0,0.0,0.9973272241313479,0.002672775868652157
Verizon Communications Inc.,web,0.06388329979879276,0.011569416498993963,0.0025150905432595573,0.002112676056338028,0.016398390342052312,0.0023138832997987926,0.01971830985915493,0.1909456740442656,0.24124748490945674,0.4272635814889336
Visa Inc.,logo,0.0,0.0,0.0,0.0,0.0,1.0,0.0,1.0,0.0,0.0
Visa Inc.,web,0.002414486921529175,0.018309859154929577,0.004627766599597585,0.0022132796780684103,0.14567404426559355,0.05875251509054326,0.0005030181086519115,0.17555331991951711,0.28340040241448694,0.4027162977867203
Walmart Inc.,logo,0.0,0.003951453570420547,0.21450747953711544,0.0,0.021168501270110076,0.7603725656223539,0.0,0.6850127011007621,0.29099633079311316,0.023990968106124753
Walmart Inc.,web,0.004325955734406439,0.02806841046277666,0.020221327967806842,0.0009054325955734407,0.21861167002012072,0.02142857142857143,0.0003018108651911469,0.17917505030181086,0.3419517102615694,0.3330985915492958
Walt Disney Company,logo,0.0,0.0,0.0,0.0,0.0,0.0,0.0,1.0,0.0,0.0
Walt Disney Company,web,0.007645875251509054,0.01267605633802817,0.0029175050301810867,0.002012072434607646,0.11096579476861167,0.043259557344064385,0.005030181086519115,0.10543259557344065,0.27776659959758554,0.4710261569416499
Wells Fargo & Company,logo,0.8836,0.0,0.0,0.0,0.0,0.0,0.0056,0.0,0.8884,0.1116
Wells Fargo & Company,web,0.136317907444668,0.06559356136820925,0.012474849094567404,0.0005030181086519115,0.020724346076458754,0.002716297786720322,0.02595573440643863,0.2038229376257545,0.3974849094567404,0.2733400402414487
