company,cosine
Saudi Arabian Oil Co. (Aramco),0.8334865085365643
Shell plc,0.8258516428213599
Taiwan Semiconductor Manufacturing (TSMC),0.7993914869426254
Costco Wholesale Corporation,0.7789195856679593
"Home Depot, Inc.",0.7546196968864224
"Salesforce, Inc.",0.7389632850091822
Wells Fargo & Company,0.7337572636611285
Roche Holding AG,0.7146568813606595
NVIDIA Corporation,0.7072877085969793
McDonald's Corporation,0.7037016012735366
Commonwealth Bank of Australia,0.6981175520713417
American Express Company,0.6903831394903455
"Uber Technologies, Inc.",0.676997340803828
Mastercard Incorporated,0.6669598122890938
Toyota Motor Corporation,0.6626166424184523
AT&T Inc.,0.6552136557679236
Palantir Technologies Inc.,0.6525683370782143
Alibaba Group Holding Limited,0.6340501546769205
Intuit Inc.,0.627624619526897
Adobe Inc.,0.622992982798712
Royal Bank of Canada,0.6186680166547316
Eli Lilly and Company,0.6115633783262705
Arm Holdings plc,0.6051020344610923
IBM (International Business Machines Corporation),0.603947881597926
PDD Holdings Inc.,0.6020725045755775
Chevron Corporation,0.598863950127862
HSBC Holdings plc,0.5935994113288752
SAP SE,0.5910588746373592
Microsoft Corporation,0.5767272194347206
Blackstone Inc.,0.5754571110320584
Exxon Mobil Corporation,0.5748264493155912
Siemens AG,0.5747947081648718
"T-Mobile US, Inc.",0.5685116913552056
"China Merchants Bank Co., Ltd.",0.5650428587389712
Hermès International,0.5405348972084231
Caterpillar Inc.,0.5394471895436029
"Cisco Systems, Inc.",0.5361301057430214
"BlackRock, Inc.",0.5332933437060017
International Holding Company PJSC,0.5311942794272925
S&P Global Inc.,0.5296150280512446
"Netflix, Inc.",0.5283080354849242
"Merck & Company, Inc.",0.5243358448320992
PetroChina Company Limited,0.5171933119271319
Abbott Laboratories,0.514369782663188
"Tesla, Inc.",0.5092227310568265
"Amazon.com, Inc.",0.5044157638356719
JP Morgan Chase & Co.,0.5016899951168815
Shopify Inc.,0.5005641903179121
Morgan Stanley,0.49382905791549475
Reliance Industries Limited,0.4921978174330026
Samsung Electronics,0.49194622322278314
Deutsche Telekom AG,0.4907088785014514
Broadcom Inc.,0.48940786195855973
Linde plc,0.4888221480907153
"Meta Platforms, Inc.",0.46992770111457377
Amgen Inc.,0.46843464875993873
"Kweichow Moutai Co., Ltd.",0.46577352953767615
Agricultural Bank of China Limited,0.462059842838143
"Advanced Micro Devices, Inc. (AMD)",0.4589989879715085
"ServiceNow, Inc.",0.4585350584827801
Oracle Corporation,0.4546418775510404
Procter & Gamble Company,0.4479677998827307
Apple Inc.,0.44395645819695967
China Mobile Ltd,0.4408883401613631
Texas Instruments Incorporated,0.4393236378160384
Novartis AG,0.43243234794833396
Walmart Inc.,0.42314324819170385
"Intuitive Surgical, Inc.",0.42173897388473136
Industrial and Commercial Bank of China Limited,0.4197503390314354
Boston Scientific Corporation,0.4174528900910094
GE Aerospace,0.41379942684704907
Verizon Communications Inc.,0.4109218371467957
China Construction Bank Corporation,0.3937991274955127
Thermo Fisher Scientific Inc.,0.39038528989004345
AstraZeneca plc,0.38553279222697656
"PepsiCo, Inc.",0.3799379055591247
Johnson & Johnson,0.363917451499487
UnitedHealth Group Incorporated,0.355485396348449
RTX Corporation,0.3528276108683595
Bank of China Limited,0.342181411767997
"Goldman Sachs Group, Inc.",0.33642886860229204
Accenture plc,0.3310178831673548
Berkshire Hathaway Inc.,0.3069201845892351
Visa Inc.,0.30331997024281504
Bank of America Corporation,0.2989245698436751
Tencent Holdings Limited,0.29369357371765903
L'Oréal,0.29026438417985656
ASML Holding,0.28744649795301946
Novo Nordisk B AS,0.2725896731712961
Booking Holdings Inc.,0.26255176645496014
Qualcomm Incorporated,0.26083221805764284
Philip Morris International Inc.,0.25887511828723575
LVMH,0.24858694474431073
Alphabet Inc.,0.24328687723397172
AbbVie Inc.,0.22664866362983735
"Inditex (Industria de Diseño Textil, S.A.)",0.22600762570032978
Tata Consultancy Services Limited,0.21750302252335937
Walt Disney Company,0.1850612622397425
Contemporary Amperex Technology Co. Ltd. (CATL),0.1686432259331047
Nestlé S.A.,0.1594373710071
