base_color,delta,se,err_low,err_high
red,-0.003819294202903,0.0019683814925316,-0.0057876756954346,-0.0018509127103713999
orange,0.0001719931867256,0.0021793476571783,-0.0020073544704527,0.0023513408439039
yellow,0.0115122879221492,0.002166913006379,0.0093453749157702,0.013679200928528201
green,0.0094758732462715,0.0023084640735596,0.007167409172711901,0.011784337319831101
blue,-0.0130633376602328,0.0034932132395635,-0.0165565508997963,-0.0095701244206693
purple,-0.0027300879687562,0.0010214740168223,-0.0037515619855784995,-0.0017086139519338999
pink,-0.001547434523252,0.0008054785654931,-0.0023529130887451,-0.0007419559577589
black,-0.0248195815418365,0.0025450464469841,-0.0273646279888206,-0.0222745350948524
grey,0.005625298864273,0.0019220612394023,0.0037032376248707,0.0075473601036753005
white,0.0191942826775624,0.0028952788234237,0.016299003854138697,0.0220895615009861
