color,al_fraction,al_fraction_se,gdj_fraction,gdj_fraction_se,delta_fraction,delta_fraction_se,q_value
red,0.0873566475271891,0.0005017200743199534,0.09117594173009216,0.0019025317536596623,-0.00381929420290307,0.001968381492531694,0.058222222222222224
orange,0.14076411996895036,0.0005895247002953857,0.14059212678222469,0.002108976866827742,0.00017199318672567188,0.002179347657178377,0.9394
yellow,0.1874095986052649,0.000605467197841633,0.1758973106831157,0.0020810055265976686,0.0115122879221492,0.0021669130063790994,0.0
green,0.1610583125879547,0.0006929739829267165,0.15158243934168317,0.002209752085226638,0.009475873246271527,0.002308464073559646,0.0004
blue,0.339836518071717,0.0009825026739358228,0.3528998557319498,0.003348558559985071,-0.013063337660232821,0.0034932132395635532,0.0
purple,0.0496904064258479,0.0003002626705377072,0.052420494394604125,0.000973073913908434,-0.002730087968756227,0.0010214740168223103,0.01
pink,0.03388439681307761,0.00021127642241021094,0.035431831336329676,0.0007758681295597828,-0.001547434523252067,0.0008054785654931207,0.058222222222222224
black,0.24204224988853812,0.0006377960204034732,0.2668618314303747,0.002475043834076498,-0.024819581541836555,0.0025450464469841203,0.0
grey,0.47613087513957736,0.00056970390415647,0.47050557627530426,0.0018455208698391341,0.005625298864273098,0.001922061239402346,0.007666666666666667
white,0.2818268749718831,0.0008194245352072186,0.2626325922943207,0.0027912118055380833,0.019194282677562402,0.0028952788234237383,0.0
